figure_id,case_name,cycle_size,example_index,seed,generation_strategy,period,periodic_start,consistent,inconsistent,no_tail,unclassified,route_values_by_var,periodic_route,assignment_trace,cost_tables
figure_8,inconsistent_no_tail,3,0,488000000,motif_repeat_swapmask,3,0,False,True,True,False,"[[0,1],[0,1],[0,1]]","[[1,0,0],[0,1,1],[0,0,0]]","[[1,0,0],[0,1,1],[0,0,0],[1,0,0],[0,1,1],[0,0,0],[1,0,0],[0,1,1],[0,0,0],[1,0,0],[0,1,1],[0,0,0],[1,0,0],[0,1,1],[0,0,0],[1,0,0],[0,1,1],[0,0,0],[1,0,0],[0,1,1],[0,0,0],[1,0,0],[0,1,1],[0,0,0],[1,0,0],[0,1,1],[0,0,0],[1,0,0],[0,1,1],[0,0,0],[1,0,0],[0,1,1],[0,0,0],[1,0,0],[0,1,1],[0,0,0],[1,0,0],[0,1,1],[0,0,0],[1,0,0],[0,1,1],[0,0,0],[1,0,0],[0,1,1],[0,0,0],[1,0,0],[0,1,1],[0,0,0],[1,0,0],[0,1,1],[0,0,0],[1,0,0],[0,1,1],[0,0,0],[1,0,0],[0,1,1],[0,0,0],[1,0,0],[0,1,1],[0,0,0],[1,0,0],[0,1,1],[0,0,0],[1,0,0],[0,1,1],[0,0,0],[1,0,0],[0,1,1],[0,0,0],[1,0,0],[0,1,1],[0,0,0],[1,0,0],[0,1,1],[0,0,0],[1,0,0],[0,1,1],[0,0,0],[1,0,0],[0,1,1],[0,0,0],[1,0,0],[0,1,1],[0,0,0],[1,0,0],[0,1,1],[0,0,0],[1,0,0],[0,1,1],[0,0,0],[1,0,0],[0,1,1],[0,0,0],[1,0,0],[0,1,1],[0,0,0],[1,0,0],[0,1,1],[0,0,0],[1,0,0],[0,1,1],[0,0,0],[1,0,0],[0,1,1],[0,0,0],[1,0,0],[0,1,1],[0,0,0],[1,0,0],[0,1,1],[0,0,0],[1,0,0],[0,1,1],[0,0,0],[1,0,0],[0,1,1],[0,0,0],[1,0,0],[0,1,1],[0,0,0],[1,0,0],[0,1,1],[0,0,0],[1,0,0],[0,1,1],[0,0,0],[1,0,0],[0,1,1],[0,0,0],[1,0,0],[0,1,1],[0,0,0],[1,0,0],[0,1,1],[0,0,0],[1,0,0],[0,1,1],[0,0,0],[1,0,0],[0,1,1]]","[[[7.0,9.0],[4.0,9.0]],[[7.0,6.0],[2.0,4.0]],[[3.0,9.0],[8.0,4.0]]]"
figure_8,inconsistent_no_tail,3,1,488000002,motif_repeat_swapmask,3,0,False,True,True,False,"[[0,1],[0,1],[0,1]]","[[1,1,0],[0,0,1],[0,0,0]]","[[1,1,0],[0,0,1],[0,0,0],[1,1,0],[0,0,1],[0,0,0],[1,1,0],[0,0,1],[0,0,0],[1,1,0],[0,0,1],[0,0,0],[1,1,0],[0,0,1],[0,0,0],[1,1,0],[0,0,1],[0,0,0],[1,1,0],[0,0,1],[0,0,0],[1,1,0],[0,0,1],[0,0,0],[1,1,0],[0,0,1],[0,0,0],[1,1,0],[0,0,1],[0,0,0],[1,1,0],[0,0,1],[0,0,0],[1,1,0],[0,0,1],[0,0,0],[1,1,0],[0,0,1],[0,0,0],[1,1,0],[0,0,1],[0,0,0],[1,1,0],[0,0,1],[0,0,0],[1,1,0],[0,0,1],[0,0,0],[1,1,0],[0,0,1],[0,0,0],[1,1,0],[0,0,1],[0,0,0],[1,1,0],[0,0,1],[0,0,0],[1,1,0],[0,0,1],[0,0,0],[1,1,0],[0,0,1],[0,0,0],[1,1,0],[0,0,1],[0,0,0],[1,1,0],[0,0,1],[0,0,0],[1,1,0],[0,0,1],[0,0,0],[1,1,0],[0,0,1],[0,0,0],[1,1,0],[0,0,1],[0,0,0],[1,1,0],[0,0,1],[0,0,0],[1,1,0],[0,0,1],[0,0,0],[1,1,0],[0,0,1],[0,0,0],[1,1,0],[0,0,1],[0,0,0],[1,1,0],[0,0,1],[0,0,0],[1,1,0],[0,0,1],[0,0,0],[1,1,0],[0,0,1],[0,0,0],[1,1,0],[0,0,1],[0,0,0],[1,1,0],[0,0,1],[0,0,0],[1,1,0],[0,0,1],[0,0,0],[1,1,0],[0,0,1],[0,0,0],[1,1,0],[0,0,1],[0,0,0],[1,1,0],[0,0,1],[0,0,0],[1,1,0],[0,0,1],[0,0,0],[1,1,0],[0,0,1],[0,0,0],[1,1,0],[0,0,1],[0,0,0],[1,1,0],[0,0,1],[0,0,0],[1,1,0],[0,0,1],[0,0,0],[1,1,0],[0,0,1],[0,0,0],[1,1,0],[0,0,1],[0,0,0],[1,1,0],[0,0,1]]","[[[9.0,7.0],[9.0,4.0]],[[2.0,4.0],[7.0,6.0]],[[3.0,9.0],[8.0,4.0]]]"
figure_8,inconsistent_no_tail,3,2,488000005,motif_repeat_swapmask,3,0,False,True,True,False,"[[0,1],[0,1],[0,1]]","[[0,0,1],[1,1,0],[0,0,0]]","[[0,0,1],[1,1,0],[0,0,0],[0,0,1],[1,1,0],[0,0,0],[0,0,1],[1,1,0],[0,0,0],[0,0,1],[1,1,0],[0,0,0],[0,0,1],[1,1,0],[0,0,0],[0,0,1],[1,1,0],[0,0,0],[0,0,1],[1,1,0],[0,0,0],[0,0,1],[1,1,0],[0,0,0],[0,0,1],[1,1,0],[0,0,0],[0,0,1],[1,1,0],[0,0,0],[0,0,1],[1,1,0],[0,0,0],[0,0,1],[1,1,0],[0,0,0],[0,0,1],[1,1,0],[0,0,0],[0,0,1],[1,1,0],[0,0,0],[0,0,1],[1,1,0],[0,0,0],[0,0,1],[1,1,0],[0,0,0],[0,0,1],[1,1,0],[0,0,0],[0,0,1],[1,1,0],[0,0,0],[0,0,1],[1,1,0],[0,0,0],[0,0,1],[1,1,0],[0,0,0],[0,0,1],[1,1,0],[0,0,0],[0,0,1],[1,1,0],[0,0,0],[0,0,1],[1,1,0],[0,0,0],[0,0,1],[1,1,0],[0,0,0],[0,0,1],[1,1,0],[0,0,0],[0,0,1],[1,1,0],[0,0,0],[0,0,1],[1,1,0],[0,0,0],[0,0,1],[1,1,0],[0,0,0],[0,0,1],[1,1,0],[0,0,0],[0,0,1],[1,1,0],[0,0,0],[0,0,1],[1,1,0],[0,0,0],[0,0,1],[1,1,0],[0,0,0],[0,0,1],[1,1,0],[0,0,0],[0,0,1],[1,1,0],[0,0,0],[0,0,1],[1,1,0],[0,0,0],[0,0,1],[1,1,0],[0,0,0],[0,0,1],[1,1,0],[0,0,0],[0,0,1],[1,1,0],[0,0,0],[0,0,1],[1,1,0],[0,0,0],[0,0,1],[1,1,0],[0,0,0],[0,0,1],[1,1,0],[0,0,0],[0,0,1],[1,1,0],[0,0,0],[0,0,1],[1,1,0],[0,0,0],[0,0,1],[1,1,0],[0,0,0],[0,0,1],[1,1,0],[0,0,0],[0,0,1],[1,1,0],[0,0,0],[0,0,1],[1,1,0]]","[[[4.0,9.0],[7.0,9.0]],[[6.0,7.0],[4.0,2.0]],[[4.0,8.0],[9.0,3.0]]]"
figure_8,inconsistent_no_tail,3,3,488000007,motif_repeat_swapmask,3,0,False,True,True,False,"[[0,1],[0,1],[0,1]]","[[0,1,1],[1,0,0],[0,0,0]]","[[0,1,1],[1,0,0],[0,0,0],[0,1,1],[1,0,0],[0,0,0],[0,1,1],[1,0,0],[0,0,0],[0,1,1],[1,0,0],[0,0,0],[0,1,1],[1,0,0],[0,0,0],[0,1,1],[1,0,0],[0,0,0],[0,1,1],[1,0,0],[0,0,0],[0,1,1],[1,0,0],[0,0,0],[0,1,1],[1,0,0],[0,0,0],[0,1,1],[1,0,0],[0,0,0],[0,1,1],[1,0,0],[0,0,0],[0,1,1],[1,0,0],[0,0,0],[0,1,1],[1,0,0],[0,0,0],[0,1,1],[1,0,0],[0,0,0],[0,1,1],[1,0,0],[0,0,0],[0,1,1],[1,0,0],[0,0,0],[0,1,1],[1,0,0],[0,0,0],[0,1,1],[1,0,0],[0,0,0],[0,1,1],[1,0,0],[0,0,0],[0,1,1],[1,0,0],[0,0,0],[0,1,1],[1,0,0],[0,0,0],[0,1,1],[1,0,0],[0,0,0],[0,1,1],[1,0,0],[0,0,0],[0,1,1],[1,0,0],[0,0,0],[0,1,1],[1,0,0],[0,0,0],[0,1,1],[1,0,0],[0,0,0],[0,1,1],[1,0,0],[0,0,0],[0,1,1],[1,0,0],[0,0,0],[0,1,1],[1,0,0],[0,0,0],[0,1,1],[1,0,0],[0,0,0],[0,1,1],[1,0,0],[0,0,0],[0,1,1],[1,0,0],[0,0,0],[0,1,1],[1,0,0],[0,0,0],[0,1,1],[1,0,0],[0,0,0],[0,1,1],[1,0,0],[0,0,0],[0,1,1],[1,0,0],[0,0,0],[0,1,1],[1,0,0],[0,0,0],[0,1,1],[1,0,0],[0,0,0],[0,1,1],[1,0,0],[0,0,0],[0,1,1],[1,0,0],[0,0,0],[0,1,1],[1,0,0],[0,0,0],[0,1,1],[1,0,0],[0,0,0],[0,1,1],[1,0,0],[0,0,0],[0,1,1],[1,0,0],[0,0,0],[0,1,1],[1,0,0],[0,0,0],[0,1,1],[1,0,0],[0,0,0],[0,1,1],[1,0,0]]","[[[9.0,4.0],[9.0,7.0]],[[4.0,2.0],[6.0,7.0]],[[4.0,8.0],[9.0,3.0]]]"
figure_8,inconsistent_no_tail,3,4,619000000,motif_repeat_swapmask,3,0,False,True,True,False,"[[0,1],[0,1],[0,1]]","[[1,0,0],[0,1,1],[0,0,0]]","[[1,0,0],[0,1,1],[0,0,0],[1,0,0],[0,1,1],[0,0,0],[1,0,0],[0,1,1],[0,0,0],[1,0,0],[0,1,1],[0,0,0],[1,0,0],[0,1,1],[0,0,0],[1,0,0],[0,1,1],[0,0,0],[1,0,0],[0,1,1],[0,0,0],[1,0,0],[0,1,1],[0,0,0],[1,0,0],[0,1,1],[0,0,0],[1,0,0],[0,1,1],[0,0,0],[1,0,0],[0,1,1],[0,0,0],[1,0,0],[0,1,1],[0,0,0],[1,0,0],[0,1,1],[0,0,0],[1,0,0],[0,1,1],[0,0,0],[1,0,0],[0,1,1],[0,0,0],[1,0,0],[0,1,1],[0,0,0],[1,0,0],[0,1,1],[0,0,0],[1,0,0],[0,1,1],[0,0,0],[1,0,0],[0,1,1],[0,0,0],[1,0,0],[0,1,1],[0,0,0],[1,0,0],[0,1,1],[0,0,0],[1,0,0],[0,1,1],[0,0,0],[1,0,0],[0,1,1],[0,0,0],[1,0,0],[0,1,1],[0,0,0],[1,0,0],[0,1,1],[0,0,0],[1,0,0],[0,1,1],[0,0,0],[1,0,0],[0,1,1],[0,0,0],[1,0,0],[0,1,1],[0,0,0],[1,0,0],[0,1,1],[0,0,0],[1,0,0],[0,1,1],[0,0,0],[1,0,0],[0,1,1],[0,0,0],[1,0,0],[0,1,1],[0,0,0],[1,0,0],[0,1,1],[0,0,0],[1,0,0],[0,1,1],[0,0,0],[1,0,0],[0,1,1],[0,0,0],[1,0,0],[0,1,1],[0,0,0],[1,0,0],[0,1,1],[0,0,0],[1,0,0],[0,1,1],[0,0,0],[1,0,0],[0,1,1],[0,0,0],[1,0,0],[0,1,1],[0,0,0],[1,0,0],[0,1,1],[0,0,0],[1,0,0],[0,1,1],[0,0,0],[1,0,0],[0,1,1],[0,0,0],[1,0,0],[0,1,1],[0,0,0],[1,0,0],[0,1,1],[0,0,0],[1,0,0],[0,1,1],[0,0,0],[1,0,0],[0,1,1]]","[[[6.0,5.0],[2.0,5.0]],[[7.0,1.0],[0.0,7.0]],[[1.0,5.0],[4.0,3.0]]]"
figure_8,inconsistent_no_tail,3,5,619000002,motif_repeat_swapmask,3,0,False,True,True,False,"[[0,1],[0,1],[0,1]]","[[1,1,0],[0,0,1],[0,0,0]]","[[1,1,0],[0,0,1],[0,0,0],[1,1,0],[0,0,1],[0,0,0],[1,1,0],[0,0,1],[0,0,0],[1,1,0],[0,0,1],[0,0,0],[1,1,0],[0,0,1],[0,0,0],[1,1,0],[0,0,1],[0,0,0],[1,1,0],[0,0,1],[0,0,0],[1,1,0],[0,0,1],[0,0,0],[1,1,0],[0,0,1],[0,0,0],[1,1,0],[0,0,1],[0,0,0],[1,1,0],[0,0,1],[0,0,0],[1,1,0],[0,0,1],[0,0,0],[1,1,0],[0,0,1],[0,0,0],[1,1,0],[0,0,1],[0,0,0],[1,1,0],[0,0,1],[0,0,0],[1,1,0],[0,0,1],[0,0,0],[1,1,0],[0,0,1],[0,0,0],[1,1,0],[0,0,1],[0,0,0],[1,1,0],[0,0,1],[0,0,0],[1,1,0],[0,0,1],[0,0,0],[1,1,0],[0,0,1],[0,0,0],[1,1,0],[0,0,1],[0,0,0],[1,1,0],[0,0,1],[0,0,0],[1,1,0],[0,0,1],[0,0,0],[1,1,0],[0,0,1],[0,0,0],[1,1,0],[0,0,1],[0,0,0],[1,1,0],[0,0,1],[0,0,0],[1,1,0],[0,0,1],[0,0,0],[1,1,0],[0,0,1],[0,0,0],[1,1,0],[0,0,1],[0,0,0],[1,1,0],[0,0,1],[0,0,0],[1,1,0],[0,0,1],[0,0,0],[1,1,0],[0,0,1],[0,0,0],[1,1,0],[0,0,1],[0,0,0],[1,1,0],[0,0,1],[0,0,0],[1,1,0],[0,0,1],[0,0,0],[1,1,0],[0,0,1],[0,0,0],[1,1,0],[0,0,1],[0,0,0],[1,1,0],[0,0,1],[0,0,0],[1,1,0],[0,0,1],[0,0,0],[1,1,0],[0,0,1],[0,0,0],[1,1,0],[0,0,1],[0,0,0],[1,1,0],[0,0,1],[0,0,0],[1,1,0],[0,0,1],[0,0,0],[1,1,0],[0,0,1],[0,0,0],[1,1,0],[0,0,1],[0,0,0],[1,1,0],[0,0,1]]","[[[5.0,6.0],[5.0,2.0]],[[0.0,7.0],[7.0,1.0]],[[1.0,5.0],[4.0,3.0]]]"
figure_8,inconsistent_no_tail,3,6,619000005,motif_repeat_swapmask,3,0,False,True,True,False,"[[0,1],[0,1],[0,1]]","[[0,0,1],[1,1,0],[0,0,0]]","[[0,0,1],[1,1,0],[0,0,0],[0,0,1],[1,1,0],[0,0,0],[0,0,1],[1,1,0],[0,0,0],[0,0,1],[1,1,0],[0,0,0],[0,0,1],[1,1,0],[0,0,0],[0,0,1],[1,1,0],[0,0,0],[0,0,1],[1,1,0],[0,0,0],[0,0,1],[1,1,0],[0,0,0],[0,0,1],[1,1,0],[0,0,0],[0,0,1],[1,1,0],[0,0,0],[0,0,1],[1,1,0],[0,0,0],[0,0,1],[1,1,0],[0,0,0],[0,0,1],[1,1,0],[0,0,0],[0,0,1],[1,1,0],[0,0,0],[0,0,1],[1,1,0],[0,0,0],[0,0,1],[1,1,0],[0,0,0],[0,0,1],[1,1,0],[0,0,0],[0,0,1],[1,1,0],[0,0,0],[0,0,1],[1,1,0],[0,0,0],[0,0,1],[1,1,0],[0,0,0],[0,0,1],[1,1,0],[0,0,0],[0,0,1],[1,1,0],[0,0,0],[0,0,1],[1,1,0],[0,0,0],[0,0,1],[1,1,0],[0,0,0],[0,0,1],[1,1,0],[0,0,0],[0,0,1],[1,1,0],[0,0,0],[0,0,1],[1,1,0],[0,0,0],[0,0,1],[1,1,0],[0,0,0],[0,0,1],[1,1,0],[0,0,0],[0,0,1],[1,1,0],[0,0,0],[0,0,1],[1,1,0],[0,0,0],[0,0,1],[1,1,0],[0,0,0],[0,0,1],[1,1,0],[0,0,0],[0,0,1],[1,1,0],[0,0,0],[0,0,1],[1,1,0],[0,0,0],[0,0,1],[1,1,0],[0,0,0],[0,0,1],[1,1,0],[0,0,0],[0,0,1],[1,1,0],[0,0,0],[0,0,1],[1,1,0],[0,0,0],[0,0,1],[1,1,0],[0,0,0],[0,0,1],[1,1,0],[0,0,0],[0,0,1],[1,1,0],[0,0,0],[0,0,1],[1,1,0],[0,0,0],[0,0,1],[1,1,0],[0,0,0],[0,0,1],[1,1,0],[0,0,0],[0,0,1],[1,1,0],[0,0,0],[0,0,1],[1,1,0]]","[[[2.0,5.0],[6.0,5.0]],[[1.0,7.0],[7.0,0.0]],[[3.0,4.0],[5.0,1.0]]]"
figure_8,inconsistent_no_tail,3,7,619000007,motif_repeat_swapmask,3,0,False,True,True,False,"[[0,1],[0,1],[0,1]]","[[0,1,1],[1,0,0],[0,0,0]]","[[0,1,1],[1,0,0],[0,0,0],[0,1,1],[1,0,0],[0,0,0],[0,1,1],[1,0,0],[0,0,0],[0,1,1],[1,0,0],[0,0,0],[0,1,1],[1,0,0],[0,0,0],[0,1,1],[1,0,0],[0,0,0],[0,1,1],[1,0,0],[0,0,0],[0,1,1],[1,0,0],[0,0,0],[0,1,1],[1,0,0],[0,0,0],[0,1,1],[1,0,0],[0,0,0],[0,1,1],[1,0,0],[0,0,0],[0,1,1],[1,0,0],[0,0,0],[0,1,1],[1,0,0],[0,0,0],[0,1,1],[1,0,0],[0,0,0],[0,1,1],[1,0,0],[0,0,0],[0,1,1],[1,0,0],[0,0,0],[0,1,1],[1,0,0],[0,0,0],[0,1,1],[1,0,0],[0,0,0],[0,1,1],[1,0,0],[0,0,0],[0,1,1],[1,0,0],[0,0,0],[0,1,1],[1,0,0],[0,0,0],[0,1,1],[1,0,0],[0,0,0],[0,1,1],[1,0,0],[0,0,0],[0,1,1],[1,0,0],[0,0,0],[0,1,1],[1,0,0],[0,0,0],[0,1,1],[1,0,0],[0,0,0],[0,1,1],[1,0,0],[0,0,0],[0,1,1],[1,0,0],[0,0,0],[0,1,1],[1,0,0],[0,0,0],[0,1,1],[1,0,0],[0,0,0],[0,1,1],[1,0,0],[0,0,0],[0,1,1],[1,0,0],[0,0,0],[0,1,1],[1,0,0],[0,0,0],[0,1,1],[1,0,0],[0,0,0],[0,1,1],[1,0,0],[0,0,0],[0,1,1],[1,0,0],[0,0,0],[0,1,1],[1,0,0],[0,0,0],[0,1,1],[1,0,0],[0,0,0],[0,1,1],[1,0,0],[0,0,0],[0,1,1],[1,0,0],[0,0,0],[0,1,1],[1,0,0],[0,0,0],[0,1,1],[1,0,0],[0,0,0],[0,1,1],[1,0,0],[0,0,0],[0,1,1],[1,0,0],[0,0,0],[0,1,1],[1,0,0],[0,0,0],[0,1,1],[1,0,0],[0,0,0],[0,1,1],[1,0,0]]","[[[5.0,2.0],[5.0,6.0]],[[7.0,0.0],[1.0,7.0]],[[3.0,4.0],[5.0,1.0]]]"
figure_8,inconsistent_no_tail,3,8,781000000,motif_repeat_swapmask,6,0,False,True,True,False,"[[0,1],[0,1],[0,1]]","[[1,0,1],[1,0,1],[0,0,0],[0,1,0],[0,1,0],[0,0,0]]","[[1,0,1],[1,0,1],[0,0,0],[0,1,0],[0,1,0],[0,0,0],[1,0,1],[1,0,1],[0,0,0],[0,1,0],[0,1,0],[0,0,0],[1,0,1],[1,0,1],[0,0,0],[0,1,0],[0,1,0],[0,0,0],[1,0,1],[1,0,1],[0,0,0],[0,1,0],[0,1,0],[0,0,0],[1,0,1],[1,0,1],[0,0,0],[0,1,0],[0,1,0],[0,0,0],[1,0,1],[1,0,1],[0,0,0],[0,1,0],[0,1,0],[0,0,0],[1,0,1],[1,0,1],[0,0,0],[0,1,0],[0,1,0],[0,0,0],[1,0,1],[1,0,1],[0,0,0],[0,1,0],[0,1,0],[0,0,0],[1,0,1],[1,0,1],[0,0,0],[0,1,0],[0,1,0],[0,0,0],[1,0,1],[1,0,1],[0,0,0],[0,1,0],[0,1,0],[0,0,0],[1,0,1],[1,0,1],[0,0,0],[0,1,0],[0,1,0],[0,0,0],[1,0,1],[1,0,1],[0,0,0],[0,1,0],[0,1,0],[0,0,0],[1,0,1],[1,0,1],[0,0,0],[0,1,0],[0,1,0],[0,0,0],[1,0,1],[1,0,1],[0,0,0],[0,1,0],[0,1,0],[0,0,0],[1,0,1],[1,0,1],[0,0,0],[0,1,0],[0,1,0],[0,0,0],[1,0,1],[1,0,1],[0,0,0],[0,1,0],[0,1,0],[0,0,0],[1,0,1],[1,0,1],[0,0,0],[0,1,0],[0,1,0],[0,0,0],[1,0,1],[1,0,1],[0,0,0],[0,1,0],[0,1,0],[0,0,0],[1,0,1],[1,0,1],[0,0,0],[0,1,0],[0,1,0],[0,0,0],[1,0,1],[1,0,1],[0,0,0],[0,1,0],[0,1,0],[0,0,0],[1,0,1],[1,0,1],[0,0,0],[0,1,0],[0,1,0],[0,0,0],[1,0,1],[1,0,1],[0,0,0],[0,1,0],[0,1,0],[0,0,0],[1,0,1],[1,0,1],[0,0,0],[0,1,0],[0,1,0],[0,0,0],[1,0,1],[1,0,1]]","[[[4.0,6.0],[8.0,1.0]],[[4.0,0.0],[6.0,7.0]],[[0.0,8.0],[8.0,0.0]]]"
figure_8,inconsistent_no_tail,3,9,781000001,motif_repeat_swapmask,6,0,False,True,True,False,"[[0,1],[0,1],[0,1]]","[[0,0,1],[0,0,1],[0,0,0],[1,1,0],[1,1,0],[0,0,0]]","[[0,0,1],[0,0,1],[0,0,0],[1,1,0],[1,1,0],[0,0,0],[0,0,1],[0,0,1],[0,0,0],[1,1,0],[1,1,0],[0,0,0],[0,0,1],[0,0,1],[0,0,0],[1,1,0],[1,1,0],[0,0,0],[0,0,1],[0,0,1],[0,0,0],[1,1,0],[1,1,0],[0,0,0],[0,0,1],[0,0,1],[0,0,0],[1,1,0],[1,1,0],[0,0,0],[0,0,1],[0,0,1],[0,0,0],[1,1,0],[1,1,0],[0,0,0],[0,0,1],[0,0,1],[0,0,0],[1,1,0],[1,1,0],[0,0,0],[0,0,1],[0,0,1],[0,0,0],[1,1,0],[1,1,0],[0,0,0],[0,0,1],[0,0,1],[0,0,0],[1,1,0],[1,1,0],[0,0,0],[0,0,1],[0,0,1],[0,0,0],[1,1,0],[1,1,0],[0,0,0],[0,0,1],[0,0,1],[0,0,0],[1,1,0],[1,1,0],[0,0,0],[0,0,1],[0,0,1],[0,0,0],[1,1,0],[1,1,0],[0,0,0],[0,0,1],[0,0,1],[0,0,0],[1,1,0],[1,1,0],[0,0,0],[0,0,1],[0,0,1],[0,0,0],[1,1,0],[1,1,0],[0,0,0],[0,0,1],[0,0,1],[0,0,0],[1,1,0],[1,1,0],[0,0,0],[0,0,1],[0,0,1],[0,0,0],[1,1,0],[1,1,0],[0,0,0],[0,0,1],[0,0,1],[0,0,0],[1,1,0],[1,1,0],[0,0,0],[0,0,1],[0,0,1],[0,0,0],[1,1,0],[1,1,0],[0,0,0],[0,0,1],[0,0,1],[0,0,0],[1,1,0],[1,1,0],[0,0,0],[0,0,1],[0,0,1],[0,0,0],[1,1,0],[1,1,0],[0,0,0],[0,0,1],[0,0,1],[0,0,0],[1,1,0],[1,1,0],[0,0,0],[0,0,1],[0,0,1],[0,0,0],[1,1,0],[1,1,0],[0,0,0],[0,0,1],[0,0,1],[0,0,0],[1,1,0],[1,1,0],[0,0,0],[0,0,1],[0,0,1]]","[[[8.0,1.0],[4.0,6.0]],[[4.0,0.0],[6.0,7.0]],[[8.0,0.0],[0.0,8.0]]]"
figure_8,inconsistent_no_tail,3,10,781000002,motif_repeat_swapmask,6,0,False,True,True,False,"[[0,1],[0,1],[0,1]]","[[1,1,1],[1,1,1],[0,0,0],[0,0,0],[0,0,0],[0,0,0]]","[[1,1,1],[1,1,1],[0,0,0],[0,0,0],[0,0,0],[0,0,0],[1,1,1],[1,1,1],[0,0,0],[0,0,0],[0,0,0],[0,0,0],[1,1,1],[1,1,1],[0,0,0],[0,0,0],[0,0,0],[0,0,0],[1,1,1],[1,1,1],[0,0,0],[0,0,0],[0,0,0],[0,0,0],[1,1,1],[1,1,1],[0,0,0],[0,0,0],[0,0,0],[0,0,0],[1,1,1],[1,1,1],[0,0,0],[0,0,0],[0,0,0],[0,0,0],[1,1,1],[1,1,1],[0,0,0],[0,0,0],[0,0,0],[0,0,0],[1,1,1],[1,1,1],[0,0,0],[0,0,0],[0,0,0],[0,0,0],[1,1,1],[1,1,1],[0,0,0],[0,0,0],[0,0,0],[0,0,0],[1,1,1],[1,1,1],[0,0,0],[0,0,0],[0,0,0],[0,0,0],[1,1,1],[1,1,1],[0,0,0],[0,0,0],[0,0,0],[0,0,0],[1,1,1],[1,1,1],[0,0,0],[0,0,0],[0,0,0],[0,0,0],[1,1,1],[1,1,1],[0,0,0],[0,0,0],[0,0,0],[0,0,0],[1,1,1],[1,1,1],[0,0,0],[0,0,0],[0,0,0],[0,0,0],[1,1,1],[1,1,1],[0,0,0],[0,0,0],[0,0,0],[0,0,0],[1,1,1],[1,1,1],[0,0,0],[0,0,0],[0,0,0],[0,0,0],[1,1,1],[1,1,1],[0,0,0],[0,0,0],[0,0,0],[0,0,0],[1,1,1],[1,1,1],[0,0,0],[0,0,0],[0,0,0],[0,0,0],[1,1,1],[1,1,1],[0,0,0],[0,0,0],[0,0,0],[0,0,0],[1,1,1],[1,1,1],[0,0,0],[0,0,0],[0,0,0],[0,0,0],[1,1,1],[1,1,1],[0,0,0],[0,0,0],[0,0,0],[0,0,0],[1,1,1],[1,1,1],[0,0,0],[0,0,0],[0,0,0],[0,0,0],[1,1,1],[1,1,1],[0,0,0],[0,0,0],[0,0,0],[0,0,0],[1,1,1],[1,1,1]]","[[[6.0,4.0],[1.0,8.0]],[[6.0,7.0],[4.0,0.0]],[[0.0,8.0],[8.0,0.0]]]"
figure_8,inconsistent_no_tail,3,11,781000003,motif_repeat_swapmask,6,0,False,True,True,False,"[[0,1],[0,1],[0,1]]","[[0,1,1],[0,1,1],[0,0,0],[1,0,0],[1,0,0],[0,0,0]]","[[0,1,1],[0,1,1],[0,0,0],[1,0,0],[1,0,0],[0,0,0],[0,1,1],[0,1,1],[0,0,0],[1,0,0],[1,0,0],[0,0,0],[0,1,1],[0,1,1],[0,0,0],[1,0,0],[1,0,0],[0,0,0],[0,1,1],[0,1,1],[0,0,0],[1,0,0],[1,0,0],[0,0,0],[0,1,1],[0,1,1],[0,0,0],[1,0,0],[1,0,0],[0,0,0],[0,1,1],[0,1,1],[0,0,0],[1,0,0],[1,0,0],[0,0,0],[0,1,1],[0,1,1],[0,0,0],[1,0,0],[1,0,0],[0,0,0],[0,1,1],[0,1,1],[0,0,0],[1,0,0],[1,0,0],[0,0,0],[0,1,1],[0,1,1],[0,0,0],[1,0,0],[1,0,0],[0,0,0],[0,1,1],[0,1,1],[0,0,0],[1,0,0],[1,0,0],[0,0,0],[0,1,1],[0,1,1],[0,0,0],[1,0,0],[1,0,0],[0,0,0],[0,1,1],[0,1,1],[0,0,0],[1,0,0],[1,0,0],[0,0,0],[0,1,1],[0,1,1],[0,0,0],[1,0,0],[1,0,0],[0,0,0],[0,1,1],[0,1,1],[0,0,0],[1,0,0],[1,0,0],[0,0,0],[0,1,1],[0,1,1],[0,0,0],[1,0,0],[1,0,0],[0,0,0],[0,1,1],[0,1,1],[0,0,0],[1,0,0],[1,0,0],[0,0,0],[0,1,1],[0,1,1],[0,0,0],[1,0,0],[1,0,0],[0,0,0],[0,1,1],[0,1,1],[0,0,0],[1,0,0],[1,0,0],[0,0,0],[0,1,1],[0,1,1],[0,0,0],[1,0,0],[1,0,0],[0,0,0],[0,1,1],[0,1,1],[0,0,0],[1,0,0],[1,0,0],[0,0,0],[0,1,1],[0,1,1],[0,0,0],[1,0,0],[1,0,0],[0,0,0],[0,1,1],[0,1,1],[0,0,0],[1,0,0],[1,0,0],[0,0,0],[0,1,1],[0,1,1],[0,0,0],[1,0,0],[1,0,0],[0,0,0],[0,1,1],[0,1,1]]","[[[1.0,8.0],[6.0,4.0]],[[6.0,7.0],[4.0,0.0]],[[8.0,0.0],[0.0,8.0]]]"
figure_8,inconsistent_no_tail,3,12,781000004,motif_repeat_swapmask,6,0,False,True,True,False,"[[0,1],[0,1],[0,1]]","[[1,0,0],[1,0,0],[0,0,0],[0,1,1],[0,1,1],[0,0,0]]","[[1,0,0],[1,0,0],[0,0,0],[0,1,1],[0,1,1],[0,0,0],[1,0,0],[1,0,0],[0,0,0],[0,1,1],[0,1,1],[0,0,0],[1,0,0],[1,0,0],[0,0,0],[0,1,1],[0,1,1],[0,0,0],[1,0,0],[1,0,0],[0,0,0],[0,1,1],[0,1,1],[0,0,0],[1,0,0],[1,0,0],[0,0,0],[0,1,1],[0,1,1],[0,0,0],[1,0,0],[1,0,0],[0,0,0],[0,1,1],[0,1,1],[0,0,0],[1,0,0],[1,0,0],[0,0,0],[0,1,1],[0,1,1],[0,0,0],[1,0,0],[1,0,0],[0,0,0],[0,1,1],[0,1,1],[0,0,0],[1,0,0],[1,0,0],[0,0,0],[0,1,1],[0,1,1],[0,0,0],[1,0,0],[1,0,0],[0,0,0],[0,1,1],[0,1,1],[0,0,0],[1,0,0],[1,0,0],[0,0,0],[0,1,1],[0,1,1],[0,0,0],[1,0,0],[1,0,0],[0,0,0],[0,1,1],[0,1,1],[0,0,0],[1,0,0],[1,0,0],[0,0,0],[0,1,1],[0,1,1],[0,0,0],[1,0,0],[1,0,0],[0,0,0],[0,1,1],[0,1,1],[0,0,0],[1,0,0],[1,0,0],[0,0,0],[0,1,1],[0,1,1],[0,0,0],[1,0,0],[1,0,0],[0,0,0],[0,1,1],[0,1,1],[0,0,0],[1,0,0],[1,0,0],[0,0,0],[0,1,1],[0,1,1],[0,0,0],[1,0,0],[1,0,0],[0,0,0],[0,1,1],[0,1,1],[0,0,0],[1,0,0],[1,0,0],[0,0,0],[0,1,1],[0,1,1],[0,0,0],[1,0,0],[1,0,0],[0,0,0],[0,1,1],[0,1,1],[0,0,0],[1,0,0],[1,0,0],[0,0,0],[0,1,1],[0,1,1],[0,0,0],[1,0,0],[1,0,0],[0,0,0],[0,1,1],[0,1,1],[0,0,0],[1,0,0],[1,0,0],[0,0,0],[0,1,1],[0,1,1],[0,0,0],[1,0,0],[1,0,0]]","[[[4.0,6.0],[8.0,1.0]],[[0.0,4.0],[7.0,6.0]],[[8.0,0.0],[0.0,8.0]]]"
figure_8,inconsistent_no_tail,3,13,781000005,motif_repeat_swapmask,6,0,False,True,True,False,"[[0,1],[0,1],[0,1]]","[[0,0,0],[0,0,0],[0,0,0],[1,1,1],[1,1,1],[0,0,0]]","[[0,0,0],[0,0,0],[0,0,0],[1,1,1],[1,1,1],[0,0,0],[0,0,0],[0,0,0],[0,0,0],[1,1,1],[1,1,1],[0,0,0],[0,0,0],[0,0,0],[0,0,0],[1,1,1],[1,1,1],[0,0,0],[0,0,0],[0,0,0],[0,0,0],[1,1,1],[1,1,1],[0,0,0],[0,0,0],[0,0,0],[0,0,0],[1,1,1],[1,1,1],[0,0,0],[0,0,0],[0,0,0],[0,0,0],[1,1,1],[1,1,1],[0,0,0],[0,0,0],[0,0,0],[0,0,0],[1,1,1],[1,1,1],[0,0,0],[0,0,0],[0,0,0],[0,0,0],[1,1,1],[1,1,1],[0,0,0],[0,0,0],[0,0,0],[0,0,0],[1,1,1],[1,1,1],[0,0,0],[0,0,0],[0,0,0],[0,0,0],[1,1,1],[1,1,1],[0,0,0],[0,0,0],[0,0,0],[0,0,0],[1,1,1],[1,1,1],[0,0,0],[0,0,0],[0,0,0],[0,0,0],[1,1,1],[1,1,1],[0,0,0],[0,0,0],[0,0,0],[0,0,0],[1,1,1],[1,1,1],[0,0,0],[0,0,0],[0,0,0],[0,0,0],[1,1,1],[1,1,1],[0,0,0],[0,0,0],[0,0,0],[0,0,0],[1,1,1],[1,1,1],[0,0,0],[0,0,0],[0,0,0],[0,0,0],[1,1,1],[1,1,1],[0,0,0],[0,0,0],[0,0,0],[0,0,0],[1,1,1],[1,1,1],[0,0,0],[0,0,0],[0,0,0],[0,0,0],[1,1,1],[1,1,1],[0,0,0],[0,0,0],[0,0,0],[0,0,0],[1,1,1],[1,1,1],[0,0,0],[0,0,0],[0,0,0],[0,0,0],[1,1,1],[1,1,1],[0,0,0],[0,0,0],[0,0,0],[0,0,0],[1,1,1],[1,1,1],[0,0,0],[0,0,0],[0,0,0],[0,0,0],[1,1,1],[1,1,1],[0,0,0],[0,0,0],[0,0,0],[0,0,0],[1,1,1],[1,1,1],[0,0,0],[0,0,0],[0,0,0]]","[[[8.0,1.0],[4.0,6.0]],[[0.0,4.0],[7.0,6.0]],[[0.0,8.0],[8.0,0.0]]]"
figure_8,inconsistent_no_tail,3,14,781000006,motif_repeat_swapmask,6,0,False,True,True,False,"[[0,1],[0,1],[0,1]]","[[1,1,0],[1,1,0],[0,0,0],[0,0,1],[0,0,1],[0,0,0]]","[[1,1,0],[1,1,0],[0,0,0],[0,0,1],[0,0,1],[0,0,0],[1,1,0],[1,1,0],[0,0,0],[0,0,1],[0,0,1],[0,0,0],[1,1,0],[1,1,0],[0,0,0],[0,0,1],[0,0,1],[0,0,0],[1,1,0],[1,1,0],[0,0,0],[0,0,1],[0,0,1],[0,0,0],[1,1,0],[1,1,0],[0,0,0],[0,0,1],[0,0,1],[0,0,0],[1,1,0],[1,1,0],[0,0,0],[0,0,1],[0,0,1],[0,0,0],[1,1,0],[1,1,0],[0,0,0],[0,0,1],[0,0,1],[0,0,0],[1,1,0],[1,1,0],[0,0,0],[0,0,1],[0,0,1],[0,0,0],[1,1,0],[1,1,0],[0,0,0],[0,0,1],[0,0,1],[0,0,0],[1,1,0],[1,1,0],[0,0,0],[0,0,1],[0,0,1],[0,0,0],[1,1,0],[1,1,0],[0,0,0],[0,0,1],[0,0,1],[0,0,0],[1,1,0],[1,1,0],[0,0,0],[0,0,1],[0,0,1],[0,0,0],[1,1,0],[1,1,0],[0,0,0],[0,0,1],[0,0,1],[0,0,0],[1,1,0],[1,1,0],[0,0,0],[0,0,1],[0,0,1],[0,0,0],[1,1,0],[1,1,0],[0,0,0],[0,0,1],[0,0,1],[0,0,0],[1,1,0],[1,1,0],[0,0,0],[0,0,1],[0,0,1],[0,0,0],[1,1,0],[1,1,0],[0,0,0],[0,0,1],[0,0,1],[0,0,0],[1,1,0],[1,1,0],[0,0,0],[0,0,1],[0,0,1],[0,0,0],[1,1,0],[1,1,0],[0,0,0],[0,0,1],[0,0,1],[0,0,0],[1,1,0],[1,1,0],[0,0,0],[0,0,1],[0,0,1],[0,0,0],[1,1,0],[1,1,0],[0,0,0],[0,0,1],[0,0,1],[0,0,0],[1,1,0],[1,1,0],[0,0,0],[0,0,1],[0,0,1],[0,0,0],[1,1,0],[1,1,0],[0,0,0],[0,0,1],[0,0,1],[0,0,0],[1,1,0],[1,1,0]]","[[[6.0,4.0],[1.0,8.0]],[[7.0,6.0],[0.0,4.0]],[[8.0,0.0],[0.0,8.0]]]"
figure_8,inconsistent_no_tail,3,15,781000007,motif_repeat_swapmask,6,0,False,True,True,False,"[[0,1],[0,1],[0,1]]","[[0,1,0],[0,1,0],[0,0,0],[1,0,1],[1,0,1],[0,0,0]]","[[0,1,0],[0,1,0],[0,0,0],[1,0,1],[1,0,1],[0,0,0],[0,1,0],[0,1,0],[0,0,0],[1,0,1],[1,0,1],[0,0,0],[0,1,0],[0,1,0],[0,0,0],[1,0,1],[1,0,1],[0,0,0],[0,1,0],[0,1,0],[0,0,0],[1,0,1],[1,0,1],[0,0,0],[0,1,0],[0,1,0],[0,0,0],[1,0,1],[1,0,1],[0,0,0],[0,1,0],[0,1,0],[0,0,0],[1,0,1],[1,0,1],[0,0,0],[0,1,0],[0,1,0],[0,0,0],[1,0,1],[1,0,1],[0,0,0],[0,1,0],[0,1,0],[0,0,0],[1,0,1],[1,0,1],[0,0,0],[0,1,0],[0,1,0],[0,0,0],[1,0,1],[1,0,1],[0,0,0],[0,1,0],[0,1,0],[0,0,0],[1,0,1],[1,0,1],[0,0,0],[0,1,0],[0,1,0],[0,0,0],[1,0,1],[1,0,1],[0,0,0],[0,1,0],[0,1,0],[0,0,0],[1,0,1],[1,0,1],[0,0,0],[0,1,0],[0,1,0],[0,0,0],[1,0,1],[1,0,1],[0,0,0],[0,1,0],[0,1,0],[0,0,0],[1,0,1],[1,0,1],[0,0,0],[0,1,0],[0,1,0],[0,0,0],[1,0,1],[1,0,1],[0,0,0],[0,1,0],[0,1,0],[0,0,0],[1,0,1],[1,0,1],[0,0,0],[0,1,0],[0,1,0],[0,0,0],[1,0,1],[1,0,1],[0,0,0],[0,1,0],[0,1,0],[0,0,0],[1,0,1],[1,0,1],[0,0,0],[0,1,0],[0,1,0],[0,0,0],[1,0,1],[1,0,1],[0,0,0],[0,1,0],[0,1,0],[0,0,0],[1,0,1],[1,0,1],[0,0,0],[0,1,0],[0,1,0],[0,0,0],[1,0,1],[1,0,1],[0,0,0],[0,1,0],[0,1,0],[0,0,0],[1,0,1],[1,0,1],[0,0,0],[0,1,0],[0,1,0],[0,0,0],[1,0,1],[1,0,1],[0,0,0],[0,1,0],[0,1,0]]","[[[1.0,8.0],[6.0,4.0]],[[7.0,6.0],[0.0,4.0]],[[0.0,8.0],[8.0,0.0]]]"
figure_8,inconsistent_no_tail,3,16,1079000000,motif_repeat_swapmask,6,0,False,True,True,False,"[[0,1],[0,1],[0,1]]","[[1,1,0],[1,1,0],[0,0,0],[0,0,1],[0,0,1],[0,0,0]]","[[1,1,0],[1,1,0],[0,0,0],[0,0,1],[0,0,1],[0,0,0],[1,1,0],[1,1,0],[0,0,0],[0,0,1],[0,0,1],[0,0,0],[1,1,0],[1,1,0],[0,0,0],[0,0,1],[0,0,1],[0,0,0],[1,1,0],[1,1,0],[0,0,0],[0,0,1],[0,0,1],[0,0,0],[1,1,0],[1,1,0],[0,0,0],[0,0,1],[0,0,1],[0,0,0],[1,1,0],[1,1,0],[0,0,0],[0,0,1],[0,0,1],[0,0,0],[1,1,0],[1,1,0],[0,0,0],[0,0,1],[0,0,1],[0,0,0],[1,1,0],[1,1,0],[0,0,0],[0,0,1],[0,0,1],[0,0,0],[1,1,0],[1,1,0],[0,0,0],[0,0,1],[0,0,1],[0,0,0],[1,1,0],[1,1,0],[0,0,0],[0,0,1],[0,0,1],[0,0,0],[1,1,0],[1,1,0],[0,0,0],[0,0,1],[0,0,1],[0,0,0],[1,1,0],[1,1,0],[0,0,0],[0,0,1],[0,0,1],[0,0,0],[1,1,0],[1,1,0],[0,0,0],[0,0,1],[0,0,1],[0,0,0],[1,1,0],[1,1,0],[0,0,0],[0,0,1],[0,0,1],[0,0,0],[1,1,0],[1,1,0],[0,0,0],[0,0,1],[0,0,1],[0,0,0],[1,1,0],[1,1,0],[0,0,0],[0,0,1],[0,0,1],[0,0,0],[1,1,0],[1,1,0],[0,0,0],[0,0,1],[0,0,1],[0,0,0],[1,1,0],[1,1,0],[0,0,0],[0,0,1],[0,0,1],[0,0,0],[1,1,0],[1,1,0],[0,0,0],[0,0,1],[0,0,1],[0,0,0],[1,1,0],[1,1,0],[0,0,0],[0,0,1],[0,0,1],[0,0,0],[1,1,0],[1,1,0],[0,0,0],[0,0,1],[0,0,1],[0,0,0],[1,1,0],[1,1,0],[0,0,0],[0,0,1],[0,0,1],[0,0,0],[1,1,0],[1,1,0],[0,0,0],[0,0,1],[0,0,1],[0,0,0],[1,1,0],[1,1,0]]","[[[3.0,6.0],[9.0,1.0]],[[3.0,7.0],[9.0,4.0]],[[4.0,1.0],[1.0,4.0]]]"
figure_8,inconsistent_no_tail,3,17,1079000001,motif_repeat_swapmask,6,0,False,True,True,False,"[[0,1],[0,1],[0,1]]","[[0,1,0],[0,1,0],[0,0,0],[1,0,1],[1,0,1],[0,0,0]]","[[0,1,0],[0,1,0],[0,0,0],[1,0,1],[1,0,1],[0,0,0],[0,1,0],[0,1,0],[0,0,0],[1,0,1],[1,0,1],[0,0,0],[0,1,0],[0,1,0],[0,0,0],[1,0,1],[1,0,1],[0,0,0],[0,1,0],[0,1,0],[0,0,0],[1,0,1],[1,0,1],[0,0,0],[0,1,0],[0,1,0],[0,0,0],[1,0,1],[1,0,1],[0,0,0],[0,1,0],[0,1,0],[0,0,0],[1,0,1],[1,0,1],[0,0,0],[0,1,0],[0,1,0],[0,0,0],[1,0,1],[1,0,1],[0,0,0],[0,1,0],[0,1,0],[0,0,0],[1,0,1],[1,0,1],[0,0,0],[0,1,0],[0,1,0],[0,0,0],[1,0,1],[1,0,1],[0,0,0],[0,1,0],[0,1,0],[0,0,0],[1,0,1],[1,0,1],[0,0,0],[0,1,0],[0,1,0],[0,0,0],[1,0,1],[1,0,1],[0,0,0],[0,1,0],[0,1,0],[0,0,0],[1,0,1],[1,0,1],[0,0,0],[0,1,0],[0,1,0],[0,0,0],[1,0,1],[1,0,1],[0,0,0],[0,1,0],[0,1,0],[0,0,0],[1,0,1],[1,0,1],[0,0,0],[0,1,0],[0,1,0],[0,0,0],[1,0,1],[1,0,1],[0,0,0],[0,1,0],[0,1,0],[0,0,0],[1,0,1],[1,0,1],[0,0,0],[0,1,0],[0,1,0],[0,0,0],[1,0,1],[1,0,1],[0,0,0],[0,1,0],[0,1,0],[0,0,0],[1,0,1],[1,0,1],[0,0,0],[0,1,0],[0,1,0],[0,0,0],[1,0,1],[1,0,1],[0,0,0],[0,1,0],[0,1,0],[0,0,0],[1,0,1],[1,0,1],[0,0,0],[0,1,0],[0,1,0],[0,0,0],[1,0,1],[1,0,1],[0,0,0],[0,1,0],[0,1,0],[0,0,0],[1,0,1],[1,0,1],[0,0,0],[0,1,0],[0,1,0],[0,0,0],[1,0,1],[1,0,1],[0,0,0],[0,1,0],[0,1,0]]","[[[9.0,1.0],[3.0,6.0]],[[3.0,7.0],[9.0,4.0]],[[1.0,4.0],[4.0,1.0]]]"
figure_8,inconsistent_no_tail,3,18,1079000002,motif_repeat_swapmask,6,0,False,True,True,False,"[[0,1],[0,1],[0,1]]","[[1,0,0],[1,0,0],[0,0,0],[0,1,1],[0,1,1],[0,0,0]]","[[1,0,0],[1,0,0],[0,0,0],[0,1,1],[0,1,1],[0,0,0],[1,0,0],[1,0,0],[0,0,0],[0,1,1],[0,1,1],[0,0,0],[1,0,0],[1,0,0],[0,0,0],[0,1,1],[0,1,1],[0,0,0],[1,0,0],[1,0,0],[0,0,0],[0,1,1],[0,1,1],[0,0,0],[1,0,0],[1,0,0],[0,0,0],[0,1,1],[0,1,1],[0,0,0],[1,0,0],[1,0,0],[0,0,0],[0,1,1],[0,1,1],[0,0,0],[1,0,0],[1,0,0],[0,0,0],[0,1,1],[0,1,1],[0,0,0],[1,0,0],[1,0,0],[0,0,0],[0,1,1],[0,1,1],[0,0,0],[1,0,0],[1,0,0],[0,0,0],[0,1,1],[0,1,1],[0,0,0],[1,0,0],[1,0,0],[0,0,0],[0,1,1],[0,1,1],[0,0,0],[1,0,0],[1,0,0],[0,0,0],[0,1,1],[0,1,1],[0,0,0],[1,0,0],[1,0,0],[0,0,0],[0,1,1],[0,1,1],[0,0,0],[1,0,0],[1,0,0],[0,0,0],[0,1,1],[0,1,1],[0,0,0],[1,0,0],[1,0,0],[0,0,0],[0,1,1],[0,1,1],[0,0,0],[1,0,0],[1,0,0],[0,0,0],[0,1,1],[0,1,1],[0,0,0],[1,0,0],[1,0,0],[0,0,0],[0,1,1],[0,1,1],[0,0,0],[1,0,0],[1,0,0],[0,0,0],[0,1,1],[0,1,1],[0,0,0],[1,0,0],[1,0,0],[0,0,0],[0,1,1],[0,1,1],[0,0,0],[1,0,0],[1,0,0],[0,0,0],[0,1,1],[0,1,1],[0,0,0],[1,0,0],[1,0,0],[0,0,0],[0,1,1],[0,1,1],[0,0,0],[1,0,0],[1,0,0],[0,0,0],[0,1,1],[0,1,1],[0,0,0],[1,0,0],[1,0,0],[0,0,0],[0,1,1],[0,1,1],[0,0,0],[1,0,0],[1,0,0],[0,0,0],[0,1,1],[0,1,1],[0,0,0],[1,0,0],[1,0,0]]","[[[6.0,3.0],[1.0,9.0]],[[9.0,4.0],[3.0,7.0]],[[4.0,1.0],[1.0,4.0]]]"
figure_8,inconsistent_no_tail,3,19,1079000003,motif_repeat_swapmask,6,0,False,True,True,False,"[[0,1],[0,1],[0,1]]","[[0,0,0],[0,0,0],[0,0,0],[1,1,1],[1,1,1],[0,0,0]]","[[0,0,0],[0,0,0],[0,0,0],[1,1,1],[1,1,1],[0,0,0],[0,0,0],[0,0,0],[0,0,0],[1,1,1],[1,1,1],[0,0,0],[0,0,0],[0,0,0],[0,0,0],[1,1,1],[1,1,1],[0,0,0],[0,0,0],[0,0,0],[0,0,0],[1,1,1],[1,1,1],[0,0,0],[0,0,0],[0,0,0],[0,0,0],[1,1,1],[1,1,1],[0,0,0],[0,0,0],[0,0,0],[0,0,0],[1,1,1],[1,1,1],[0,0,0],[0,0,0],[0,0,0],[0,0,0],[1,1,1],[1,1,1],[0,0,0],[0,0,0],[0,0,0],[0,0,0],[1,1,1],[1,1,1],[0,0,0],[0,0,0],[0,0,0],[0,0,0],[1,1,1],[1,1,1],[0,0,0],[0,0,0],[0,0,0],[0,0,0],[1,1,1],[1,1,1],[0,0,0],[0,0,0],[0,0,0],[0,0,0],[1,1,1],[1,1,1],[0,0,0],[0,0,0],[0,0,0],[0,0,0],[1,1,1],[1,1,1],[0,0,0],[0,0,0],[0,0,0],[0,0,0],[1,1,1],[1,1,1],[0,0,0],[0,0,0],[0,0,0],[0,0,0],[1,1,1],[1,1,1],[0,0,0],[0,0,0],[0,0,0],[0,0,0],[1,1,1],[1,1,1],[0,0,0],[0,0,0],[0,0,0],[0,0,0],[1,1,1],[1,1,1],[0,0,0],[0,0,0],[0,0,0],[0,0,0],[1,1,1],[1,1,1],[0,0,0],[0,0,0],[0,0,0],[0,0,0],[1,1,1],[1,1,1],[0,0,0],[0,0,0],[0,0,0],[0,0,0],[1,1,1],[1,1,1],[0,0,0],[0,0,0],[0,0,0],[0,0,0],[1,1,1],[1,1,1],[0,0,0],[0,0,0],[0,0,0],[0,0,0],[1,1,1],[1,1,1],[0,0,0],[0,0,0],[0,0,0],[0,0,0],[1,1,1],[1,1,1],[0,0,0],[0,0,0],[0,0,0],[0,0,0],[1,1,1],[1,1,1],[0,0,0],[0,0,0],[0,0,0]]","[[[1.0,9.0],[6.0,3.0]],[[9.0,4.0],[3.0,7.0]],[[1.0,4.0],[4.0,1.0]]]"
figure_8,inconsistent_no_tail,3,20,1079000004,motif_repeat_swapmask,6,0,False,True,True,False,"[[0,1],[0,1],[0,1]]","[[1,1,1],[1,1,1],[0,0,0],[0,0,0],[0,0,0],[0,0,0]]","[[1,1,1],[1,1,1],[0,0,0],[0,0,0],[0,0,0],[0,0,0],[1,1,1],[1,1,1],[0,0,0],[0,0,0],[0,0,0],[0,0,0],[1,1,1],[1,1,1],[0,0,0],[0,0,0],[0,0,0],[0,0,0],[1,1,1],[1,1,1],[0,0,0],[0,0,0],[0,0,0],[0,0,0],[1,1,1],[1,1,1],[0,0,0],[0,0,0],[0,0,0],[0,0,0],[1,1,1],[1,1,1],[0,0,0],[0,0,0],[0,0,0],[0,0,0],[1,1,1],[1,1,1],[0,0,0],[0,0,0],[0,0,0],[0,0,0],[1,1,1],[1,1,1],[0,0,0],[0,0,0],[0,0,0],[0,0,0],[1,1,1],[1,1,1],[0,0,0],[0,0,0],[0,0,0],[0,0,0],[1,1,1],[1,1,1],[0,0,0],[0,0,0],[0,0,0],[0,0,0],[1,1,1],[1,1,1],[0,0,0],[0,0,0],[0,0,0],[0,0,0],[1,1,1],[1,1,1],[0,0,0],[0,0,0],[0,0,0],[0,0,0],[1,1,1],[1,1,1],[0,0,0],[0,0,0],[0,0,0],[0,0,0],[1,1,1],[1,1,1],[0,0,0],[0,0,0],[0,0,0],[0,0,0],[1,1,1],[1,1,1],[0,0,0],[0,0,0],[0,0,0],[0,0,0],[1,1,1],[1,1,1],[0,0,0],[0,0,0],[0,0,0],[0,0,0],[1,1,1],[1,1,1],[0,0,0],[0,0,0],[0,0,0],[0,0,0],[1,1,1],[1,1,1],[0,0,0],[0,0,0],[0,0,0],[0,0,0],[1,1,1],[1,1,1],[0,0,0],[0,0,0],[0,0,0],[0,0,0],[1,1,1],[1,1,1],[0,0,0],[0,0,0],[0,0,0],[0,0,0],[1,1,1],[1,1,1],[0,0,0],[0,0,0],[0,0,0],[0,0,0],[1,1,1],[1,1,1],[0,0,0],[0,0,0],[0,0,0],[0,0,0],[1,1,1],[1,1,1],[0,0,0],[0,0,0],[0,0,0],[0,0,0],[1,1,1],[1,1,1]]","[[[3.0,6.0],[9.0,1.0]],[[7.0,3.0],[4.0,9.0]],[[1.0,4.0],[4.0,1.0]]]"
figure_8,inconsistent_no_tail,3,21,1079000005,motif_repeat_swapmask,6,0,False,True,True,False,"[[0,1],[0,1],[0,1]]","[[0,1,1],[0,1,1],[0,0,0],[1,0,0],[1,0,0],[0,0,0]]","[[0,1,1],[0,1,1],[0,0,0],[1,0,0],[1,0,0],[0,0,0],[0,1,1],[0,1,1],[0,0,0],[1,0,0],[1,0,0],[0,0,0],[0,1,1],[0,1,1],[0,0,0],[1,0,0],[1,0,0],[0,0,0],[0,1,1],[0,1,1],[0,0,0],[1,0,0],[1,0,0],[0,0,0],[0,1,1],[0,1,1],[0,0,0],[1,0,0],[1,0,0],[0,0,0],[0,1,1],[0,1,1],[0,0,0],[1,0,0],[1,0,0],[0,0,0],[0,1,1],[0,1,1],[0,0,0],[1,0,0],[1,0,0],[0,0,0],[0,1,1],[0,1,1],[0,0,0],[1,0,0],[1,0,0],[0,0,0],[0,1,1],[0,1,1],[0,0,0],[1,0,0],[1,0,0],[0,0,0],[0,1,1],[0,1,1],[0,0,0],[1,0,0],[1,0,0],[0,0,0],[0,1,1],[0,1,1],[0,0,0],[1,0,0],[1,0,0],[0,0,0],[0,1,1],[0,1,1],[0,0,0],[1,0,0],[1,0,0],[0,0,0],[0,1,1],[0,1,1],[0,0,0],[1,0,0],[1,0,0],[0,0,0],[0,1,1],[0,1,1],[0,0,0],[1,0,0],[1,0,0],[0,0,0],[0,1,1],[0,1,1],[0,0,0],[1,0,0],[1,0,0],[0,0,0],[0,1,1],[0,1,1],[0,0,0],[1,0,0],[1,0,0],[0,0,0],[0,1,1],[0,1,1],[0,0,0],[1,0,0],[1,0,0],[0,0,0],[0,1,1],[0,1,1],[0,0,0],[1,0,0],[1,0,0],[0,0,0],[0,1,1],[0,1,1],[0,0,0],[1,0,0],[1,0,0],[0,0,0],[0,1,1],[0,1,1],[0,0,0],[1,0,0],[1,0,0],[0,0,0],[0,1,1],[0,1,1],[0,0,0],[1,0,0],[1,0,0],[0,0,0],[0,1,1],[0,1,1],[0,0,0],[1,0,0],[1,0,0],[0,0,0],[0,1,1],[0,1,1],[0,0,0],[1,0,0],[1,0,0],[0,0,0],[0,1,1],[0,1,1]]","[[[9.0,1.0],[3.0,6.0]],[[7.0,3.0],[4.0,9.0]],[[4.0,1.0],[1.0,4.0]]]"
figure_8,inconsistent_no_tail,3,22,1079000006,motif_repeat_swapmask,6,0,False,True,True,False,"[[0,1],[0,1],[0,1]]","[[1,0,1],[1,0,1],[0,0,0],[0,1,0],[0,1,0],[0,0,0]]","[[1,0,1],[1,0,1],[0,0,0],[0,1,0],[0,1,0],[0,0,0],[1,0,1],[1,0,1],[0,0,0],[0,1,0],[0,1,0],[0,0,0],[1,0,1],[1,0,1],[0,0,0],[0,1,0],[0,1,0],[0,0,0],[1,0,1],[1,0,1],[0,0,0],[0,1,0],[0,1,0],[0,0,0],[1,0,1],[1,0,1],[0,0,0],[0,1,0],[0,1,0],[0,0,0],[1,0,1],[1,0,1],[0,0,0],[0,1,0],[0,1,0],[0,0,0],[1,0,1],[1,0,1],[0,0,0],[0,1,0],[0,1,0],[0,0,0],[1,0,1],[1,0,1],[0,0,0],[0,1,0],[0,1,0],[0,0,0],[1,0,1],[1,0,1],[0,0,0],[0,1,0],[0,1,0],[0,0,0],[1,0,1],[1,0,1],[0,0,0],[0,1,0],[0,1,0],[0,0,0],[1,0,1],[1,0,1],[0,0,0],[0,1,0],[0,1,0],[0,0,0],[1,0,1],[1,0,1],[0,0,0],[0,1,0],[0,1,0],[0,0,0],[1,0,1],[1,0,1],[0,0,0],[0,1,0],[0,1,0],[0,0,0],[1,0,1],[1,0,1],[0,0,0],[0,1,0],[0,1,0],[0,0,0],[1,0,1],[1,0,1],[0,0,0],[0,1,0],[0,1,0],[0,0,0],[1,0,1],[1,0,1],[0,0,0],[0,1,0],[0,1,0],[0,0,0],[1,0,1],[1,0,1],[0,0,0],[0,1,0],[0,1,0],[0,0,0],[1,0,1],[1,0,1],[0,0,0],[0,1,0],[0,1,0],[0,0,0],[1,0,1],[1,0,1],[0,0,0],[0,1,0],[0,1,0],[0,0,0],[1,0,1],[1,0,1],[0,0,0],[0,1,0],[0,1,0],[0,0,0],[1,0,1],[1,0,1],[0,0,0],[0,1,0],[0,1,0],[0,0,0],[1,0,1],[1,0,1],[0,0,0],[0,1,0],[0,1,0],[0,0,0],[1,0,1],[1,0,1],[0,0,0],[0,1,0],[0,1,0],[0,0,0],[1,0,1],[1,0,1]]","[[[6.0,3.0],[1.0,9.0]],[[4.0,9.0],[7.0,3.0]],[[1.0,4.0],[4.0,1.0]]]"
figure_8,inconsistent_no_tail,3,23,1079000007,motif_repeat_swapmask,6,0,False,True,True,False,"[[0,1],[0,1],[0,1]]","[[0,0,1],[0,0,1],[0,0,0],[1,1,0],[1,1,0],[0,0,0]]","[[0,0,1],[0,0,1],[0,0,0],[1,1,0],[1,1,0],[0,0,0],[0,0,1],[0,0,1],[0,0,0],[1,1,0],[1,1,0],[0,0,0],[0,0,1],[0,0,1],[0,0,0],[1,1,0],[1,1,0],[0,0,0],[0,0,1],[0,0,1],[0,0,0],[1,1,0],[1,1,0],[0,0,0],[0,0,1],[0,0,1],[0,0,0],[1,1,0],[1,1,0],[0,0,0],[0,0,1],[0,0,1],[0,0,0],[1,1,0],[1,1,0],[0,0,0],[0,0,1],[0,0,1],[0,0,0],[1,1,0],[1,1,0],[0,0,0],[0,0,1],[0,0,1],[0,0,0],[1,1,0],[1,1,0],[0,0,0],[0,0,1],[0,0,1],[0,0,0],[1,1,0],[1,1,0],[0,0,0],[0,0,1],[0,0,1],[0,0,0],[1,1,0],[1,1,0],[0,0,0],[0,0,1],[0,0,1],[0,0,0],[1,1,0],[1,1,0],[0,0,0],[0,0,1],[0,0,1],[0,0,0],[1,1,0],[1,1,0],[0,0,0],[0,0,1],[0,0,1],[0,0,0],[1,1,0],[1,1,0],[0,0,0],[0,0,1],[0,0,1],[0,0,0],[1,1,0],[1,1,0],[0,0,0],[0,0,1],[0,0,1],[0,0,0],[1,1,0],[1,1,0],[0,0,0],[0,0,1],[0,0,1],[0,0,0],[1,1,0],[1,1,0],[0,0,0],[0,0,1],[0,0,1],[0,0,0],[1,1,0],[1,1,0],[0,0,0],[0,0,1],[0,0,1],[0,0,0],[1,1,0],[1,1,0],[0,0,0],[0,0,1],[0,0,1],[0,0,0],[1,1,0],[1,1,0],[0,0,0],[0,0,1],[0,0,1],[0,0,0],[1,1,0],[1,1,0],[0,0,0],[0,0,1],[0,0,1],[0,0,0],[1,1,0],[1,1,0],[0,0,0],[0,0,1],[0,0,1],[0,0,0],[1,1,0],[1,1,0],[0,0,0],[0,0,1],[0,0,1],[0,0,0],[1,1,0],[1,1,0],[0,0,0],[0,0,1],[0,0,1]]","[[[1.0,9.0],[6.0,3.0]],[[4.0,9.0],[7.0,3.0]],[[4.0,1.0],[1.0,4.0]]]"
figure_8,inconsistent_no_tail,3,24,1100000000,motif_repeat_swapmask,6,0,False,True,True,False,"[[0,1],[0,1],[0,1]]","[[0,1,1],[0,1,1],[0,0,0],[1,0,0],[1,0,0],[0,0,0]]","[[0,1,1],[0,1,1],[0,0,0],[1,0,0],[1,0,0],[0,0,0],[0,1,1],[0,1,1],[0,0,0],[1,0,0],[1,0,0],[0,0,0],[0,1,1],[0,1,1],[0,0,0],[1,0,0],[1,0,0],[0,0,0],[0,1,1],[0,1,1],[0,0,0],[1,0,0],[1,0,0],[0,0,0],[0,1,1],[0,1,1],[0,0,0],[1,0,0],[1,0,0],[0,0,0],[0,1,1],[0,1,1],[0,0,0],[1,0,0],[1,0,0],[0,0,0],[0,1,1],[0,1,1],[0,0,0],[1,0,0],[1,0,0],[0,0,0],[0,1,1],[0,1,1],[0,0,0],[1,0,0],[1,0,0],[0,0,0],[0,1,1],[0,1,1],[0,0,0],[1,0,0],[1,0,0],[0,0,0],[0,1,1],[0,1,1],[0,0,0],[1,0,0],[1,0,0],[0,0,0],[0,1,1],[0,1,1],[0,0,0],[1,0,0],[1,0,0],[0,0,0],[0,1,1],[0,1,1],[0,0,0],[1,0,0],[1,0,0],[0,0,0],[0,1,1],[0,1,1],[0,0,0],[1,0,0],[1,0,0],[0,0,0],[0,1,1],[0,1,1],[0,0,0],[1,0,0],[1,0,0],[0,0,0],[0,1,1],[0,1,1],[0,0,0],[1,0,0],[1,0,0],[0,0,0],[0,1,1],[0,1,1],[0,0,0],[1,0,0],[1,0,0],[0,0,0],[0,1,1],[0,1,1],[0,0,0],[1,0,0],[1,0,0],[0,0,0],[0,1,1],[0,1,1],[0,0,0],[1,0,0],[1,0,0],[0,0,0],[0,1,1],[0,1,1],[0,0,0],[1,0,0],[1,0,0],[0,0,0],[0,1,1],[0,1,1],[0,0,0],[1,0,0],[1,0,0],[0,0,0],[0,1,1],[0,1,1],[0,0,0],[1,0,0],[1,0,0],[0,0,0],[0,1,1],[0,1,1],[0,0,0],[1,0,0],[1,0,0],[0,0,0],[0,1,1],[0,1,1],[0,0,0],[1,0,0],[1,0,0],[0,0,0],[0,1,1],[0,1,1]]","[[[6.0,0.0],[3.0,8.0]],[[4.0,4.0],[7.0,3.0]],[[0.0,7.0],[0.0,0.0]]]"
figure_8,inconsistent_no_tail,3,25,1100000002,motif_repeat_swapmask,6,0,False,True,True,False,"[[0,1],[0,1],[0,1]]","[[0,0,1],[0,0,1],[0,0,0],[1,1,0],[1,1,0],[0,0,0]]","[[0,0,1],[0,0,1],[0,0,0],[1,1,0],[1,1,0],[0,0,0],[0,0,1],[0,0,1],[0,0,0],[1,1,0],[1,1,0],[0,0,0],[0,0,1],[0,0,1],[0,0,0],[1,1,0],[1,1,0],[0,0,0],[0,0,1],[0,0,1],[0,0,0],[1,1,0],[1,1,0],[0,0,0],[0,0,1],[0,0,1],[0,0,0],[1,1,0],[1,1,0],[0,0,0],[0,0,1],[0,0,1],[0,0,0],[1,1,0],[1,1,0],[0,0,0],[0,0,1],[0,0,1],[0,0,0],[1,1,0],[1,1,0],[0,0,0],[0,0,1],[0,0,1],[0,0,0],[1,1,0],[1,1,0],[0,0,0],[0,0,1],[0,0,1],[0,0,0],[1,1,0],[1,1,0],[0,0,0],[0,0,1],[0,0,1],[0,0,0],[1,1,0],[1,1,0],[0,0,0],[0,0,1],[0,0,1],[0,0,0],[1,1,0],[1,1,0],[0,0,0],[0,0,1],[0,0,1],[0,0,0],[1,1,0],[1,1,0],[0,0,0],[0,0,1],[0,0,1],[0,0,0],[1,1,0],[1,1,0],[0,0,0],[0,0,1],[0,0,1],[0,0,0],[1,1,0],[1,1,0],[0,0,0],[0,0,1],[0,0,1],[0,0,0],[1,1,0],[1,1,0],[0,0,0],[0,0,1],[0,0,1],[0,0,0],[1,1,0],[1,1,0],[0,0,0],[0,0,1],[0,0,1],[0,0,0],[1,1,0],[1,1,0],[0,0,0],[0,0,1],[0,0,1],[0,0,0],[1,1,0],[1,1,0],[0,0,0],[0,0,1],[0,0,1],[0,0,0],[1,1,0],[1,1,0],[0,0,0],[0,0,1],[0,0,1],[0,0,0],[1,1,0],[1,1,0],[0,0,0],[0,0,1],[0,0,1],[0,0,0],[1,1,0],[1,1,0],[0,0,0],[0,0,1],[0,0,1],[0,0,0],[1,1,0],[1,1,0],[0,0,0],[0,0,1],[0,0,1],[0,0,0],[1,1,0],[1,1,0],[0,0,0],[0,0,1],[0,0,1]]","[[[0.0,6.0],[8.0,3.0]],[[7.0,3.0],[4.0,4.0]],[[0.0,7.0],[0.0,0.0]]]"
figure_8,inconsistent_no_tail,3,26,1100000005,motif_repeat_swapmask,6,0,False,True,True,False,"[[0,1],[0,1],[0,1]]","[[1,1,0],[1,1,0],[0,0,0],[0,0,1],[0,0,1],[0,0,0]]","[[1,1,0],[1,1,0],[0,0,0],[0,0,1],[0,0,1],[0,0,0],[1,1,0],[1,1,0],[0,0,0],[0,0,1],[0,0,1],[0,0,0],[1,1,0],[1,1,0],[0,0,0],[0,0,1],[0,0,1],[0,0,0],[1,1,0],[1,1,0],[0,0,0],[0,0,1],[0,0,1],[0,0,0],[1,1,0],[1,1,0],[0,0,0],[0,0,1],[0,0,1],[0,0,0],[1,1,0],[1,1,0],[0,0,0],[0,0,1],[0,0,1],[0,0,0],[1,1,0],[1,1,0],[0,0,0],[0,0,1],[0,0,1],[0,0,0],[1,1,0],[1,1,0],[0,0,0],[0,0,1],[0,0,1],[0,0,0],[1,1,0],[1,1,0],[0,0,0],[0,0,1],[0,0,1],[0,0,0],[1,1,0],[1,1,0],[0,0,0],[0,0,1],[0,0,1],[0,0,0],[1,1,0],[1,1,0],[0,0,0],[0,0,1],[0,0,1],[0,0,0],[1,1,0],[1,1,0],[0,0,0],[0,0,1],[0,0,1],[0,0,0],[1,1,0],[1,1,0],[0,0,0],[0,0,1],[0,0,1],[0,0,0],[1,1,0],[1,1,0],[0,0,0],[0,0,1],[0,0,1],[0,0,0],[1,1,0],[1,1,0],[0,0,0],[0,0,1],[0,0,1],[0,0,0],[1,1,0],[1,1,0],[0,0,0],[0,0,1],[0,0,1],[0,0,0],[1,1,0],[1,1,0],[0,0,0],[0,0,1],[0,0,1],[0,0,0],[1,1,0],[1,1,0],[0,0,0],[0,0,1],[0,0,1],[0,0,0],[1,1,0],[1,1,0],[0,0,0],[0,0,1],[0,0,1],[0,0,0],[1,1,0],[1,1,0],[0,0,0],[0,0,1],[0,0,1],[0,0,0],[1,1,0],[1,1,0],[0,0,0],[0,0,1],[0,0,1],[0,0,0],[1,1,0],[1,1,0],[0,0,0],[0,0,1],[0,0,1],[0,0,0],[1,1,0],[1,1,0],[0,0,0],[0,0,1],[0,0,1],[0,0,0],[1,1,0],[1,1,0]]","[[[3.0,8.0],[6.0,0.0]],[[4.0,4.0],[3.0,7.0]],[[0.0,0.0],[7.0,0.0]]]"
figure_8,inconsistent_no_tail,3,27,1100000007,motif_repeat_swapmask,6,0,False,True,True,False,"[[0,1],[0,1],[0,1]]","[[1,0,0],[1,0,0],[0,0,0],[0,1,1],[0,1,1],[0,0,0]]","[[1,0,0],[1,0,0],[0,0,0],[0,1,1],[0,1,1],[0,0,0],[1,0,0],[1,0,0],[0,0,0],[0,1,1],[0,1,1],[0,0,0],[1,0,0],[1,0,0],[0,0,0],[0,1,1],[0,1,1],[0,0,0],[1,0,0],[1,0,0],[0,0,0],[0,1,1],[0,1,1],[0,0,0],[1,0,0],[1,0,0],[0,0,0],[0,1,1],[0,1,1],[0,0,0],[1,0,0],[1,0,0],[0,0,0],[0,1,1],[0,1,1],[0,0,0],[1,0,0],[1,0,0],[0,0,0],[0,1,1],[0,1,1],[0,0,0],[1,0,0],[1,0,0],[0,0,0],[0,1,1],[0,1,1],[0,0,0],[1,0,0],[1,0,0],[0,0,0],[0,1,1],[0,1,1],[0,0,0],[1,0,0],[1,0,0],[0,0,0],[0,1,1],[0,1,1],[0,0,0],[1,0,0],[1,0,0],[0,0,0],[0,1,1],[0,1,1],[0,0,0],[1,0,0],[1,0,0],[0,0,0],[0,1,1],[0,1,1],[0,0,0],[1,0,0],[1,0,0],[0,0,0],[0,1,1],[0,1,1],[0,0,0],[1,0,0],[1,0,0],[0,0,0],[0,1,1],[0,1,1],[0,0,0],[1,0,0],[1,0,0],[0,0,0],[0,1,1],[0,1,1],[0,0,0],[1,0,0],[1,0,0],[0,0,0],[0,1,1],[0,1,1],[0,0,0],[1,0,0],[1,0,0],[0,0,0],[0,1,1],[0,1,1],[0,0,0],[1,0,0],[1,0,0],[0,0,0],[0,1,1],[0,1,1],[0,0,0],[1,0,0],[1,0,0],[0,0,0],[0,1,1],[0,1,1],[0,0,0],[1,0,0],[1,0,0],[0,0,0],[0,1,1],[0,1,1],[0,0,0],[1,0,0],[1,0,0],[0,0,0],[0,1,1],[0,1,1],[0,0,0],[1,0,0],[1,0,0],[0,0,0],[0,1,1],[0,1,1],[0,0,0],[1,0,0],[1,0,0],[0,0,0],[0,1,1],[0,1,1],[0,0,0],[1,0,0],[1,0,0]]","[[[8.0,3.0],[0.0,6.0]],[[3.0,7.0],[4.0,4.0]],[[0.0,0.0],[7.0,0.0]]]"
figure_8,inconsistent_no_tail,3,28,1244000000,motif_repeat_swapmask,6,0,False,True,True,False,"[[0,1],[0,1],[0,1]]","[[0,0,0],[0,0,0],[0,0,0],[1,1,1],[1,1,1],[0,0,0]]","[[0,0,0],[0,0,0],[0,0,0],[1,1,1],[1,1,1],[0,0,0],[0,0,0],[0,0,0],[0,0,0],[1,1,1],[1,1,1],[0,0,0],[0,0,0],[0,0,0],[0,0,0],[1,1,1],[1,1,1],[0,0,0],[0,0,0],[0,0,0],[0,0,0],[1,1,1],[1,1,1],[0,0,0],[0,0,0],[0,0,0],[0,0,0],[1,1,1],[1,1,1],[0,0,0],[0,0,0],[0,0,0],[0,0,0],[1,1,1],[1,1,1],[0,0,0],[0,0,0],[0,0,0],[0,0,0],[1,1,1],[1,1,1],[0,0,0],[0,0,0],[0,0,0],[0,0,0],[1,1,1],[1,1,1],[0,0,0],[0,0,0],[0,0,0],[0,0,0],[1,1,1],[1,1,1],[0,0,0],[0,0,0],[0,0,0],[0,0,0],[1,1,1],[1,1,1],[0,0,0],[0,0,0],[0,0,0],[0,0,0],[1,1,1],[1,1,1],[0,0,0],[0,0,0],[0,0,0],[0,0,0],[1,1,1],[1,1,1],[0,0,0],[0,0,0],[0,0,0],[0,0,0],[1,1,1],[1,1,1],[0,0,0],[0,0,0],[0,0,0],[0,0,0],[1,1,1],[1,1,1],[0,0,0],[0,0,0],[0,0,0],[0,0,0],[1,1,1],[1,1,1],[0,0,0],[0,0,0],[0,0,0],[0,0,0],[1,1,1],[1,1,1],[0,0,0],[0,0,0],[0,0,0],[0,0,0],[1,1,1],[1,1,1],[0,0,0],[0,0,0],[0,0,0],[0,0,0],[1,1,1],[1,1,1],[0,0,0],[0,0,0],[0,0,0],[0,0,0],[1,1,1],[1,1,1],[0,0,0],[0,0,0],[0,0,0],[0,0,0],[1,1,1],[1,1,1],[0,0,0],[0,0,0],[0,0,0],[0,0,0],[1,1,1],[1,1,1],[0,0,0],[0,0,0],[0,0,0],[0,0,0],[1,1,1],[1,1,1],[0,0,0],[0,0,0],[0,0,0],[0,0,0],[1,1,1],[1,1,1],[0,0,0],[0,0,0],[0,0,0]]","[[[0.0,2.0],[7.0,2.0]],[[0.0,9.0],[7.0,5.0]],[[9.0,2.0],[5.0,9.0]]]"
figure_8,inconsistent_no_tail,3,29,1244000002,motif_repeat_swapmask,6,0,False,True,True,False,"[[0,1],[0,1],[0,1]]","[[0,1,0],[0,1,0],[0,0,0],[1,0,1],[1,0,1],[0,0,0]]","[[0,1,0],[0,1,0],[0,0,0],[1,0,1],[1,0,1],[0,0,0],[0,1,0],[0,1,0],[0,0,0],[1,0,1],[1,0,1],[0,0,0],[0,1,0],[0,1,0],[0,0,0],[1,0,1],[1,0,1],[0,0,0],[0,1,0],[0,1,0],[0,0,0],[1,0,1],[1,0,1],[0,0,0],[0,1,0],[0,1,0],[0,0,0],[1,0,1],[1,0,1],[0,0,0],[0,1,0],[0,1,0],[0,0,0],[1,0,1],[1,0,1],[0,0,0],[0,1,0],[0,1,0],[0,0,0],[1,0,1],[1,0,1],[0,0,0],[0,1,0],[0,1,0],[0,0,0],[1,0,1],[1,0,1],[0,0,0],[0,1,0],[0,1,0],[0,0,0],[1,0,1],[1,0,1],[0,0,0],[0,1,0],[0,1,0],[0,0,0],[1,0,1],[1,0,1],[0,0,0],[0,1,0],[0,1,0],[0,0,0],[1,0,1],[1,0,1],[0,0,0],[0,1,0],[0,1,0],[0,0,0],[1,0,1],[1,0,1],[0,0,0],[0,1,0],[0,1,0],[0,0,0],[1,0,1],[1,0,1],[0,0,0],[0,1,0],[0,1,0],[0,0,0],[1,0,1],[1,0,1],[0,0,0],[0,1,0],[0,1,0],[0,0,0],[1,0,1],[1,0,1],[0,0,0],[0,1,0],[0,1,0],[0,0,0],[1,0,1],[1,0,1],[0,0,0],[0,1,0],[0,1,0],[0,0,0],[1,0,1],[1,0,1],[0,0,0],[0,1,0],[0,1,0],[0,0,0],[1,0,1],[1,0,1],[0,0,0],[0,1,0],[0,1,0],[0,0,0],[1,0,1],[1,0,1],[0,0,0],[0,1,0],[0,1,0],[0,0,0],[1,0,1],[1,0,1],[0,0,0],[0,1,0],[0,1,0],[0,0,0],[1,0,1],[1,0,1],[0,0,0],[0,1,0],[0,1,0],[0,0,0],[1,0,1],[1,0,1],[0,0,0],[0,1,0],[0,1,0],[0,0,0],[1,0,1],[1,0,1],[0,0,0],[0,1,0],[0,1,0]]","[[[2.0,0.0],[2.0,7.0]],[[7.0,5.0],[0.0,9.0]],[[9.0,2.0],[5.0,9.0]]]"
figure_8,inconsistent_no_tail,3,30,1244000005,motif_repeat_swapmask,6,0,False,True,True,False,"[[0,1],[0,1],[0,1]]","[[1,0,1],[1,0,1],[0,0,0],[0,1,0],[0,1,0],[0,0,0]]","[[1,0,1],[1,0,1],[0,0,0],[0,1,0],[0,1,0],[0,0,0],[1,0,1],[1,0,1],[0,0,0],[0,1,0],[0,1,0],[0,0,0],[1,0,1],[1,0,1],[0,0,0],[0,1,0],[0,1,0],[0,0,0],[1,0,1],[1,0,1],[0,0,0],[0,1,0],[0,1,0],[0,0,0],[1,0,1],[1,0,1],[0,0,0],[0,1,0],[0,1,0],[0,0,0],[1,0,1],[1,0,1],[0,0,0],[0,1,0],[0,1,0],[0,0,0],[1,0,1],[1,0,1],[0,0,0],[0,1,0],[0,1,0],[0,0,0],[1,0,1],[1,0,1],[0,0,0],[0,1,0],[0,1,0],[0,0,0],[1,0,1],[1,0,1],[0,0,0],[0,1,0],[0,1,0],[0,0,0],[1,0,1],[1,0,1],[0,0,0],[0,1,0],[0,1,0],[0,0,0],[1,0,1],[1,0,1],[0,0,0],[0,1,0],[0,1,0],[0,0,0],[1,0,1],[1,0,1],[0,0,0],[0,1,0],[0,1,0],[0,0,0],[1,0,1],[1,0,1],[0,0,0],[0,1,0],[0,1,0],[0,0,0],[1,0,1],[1,0,1],[0,0,0],[0,1,0],[0,1,0],[0,0,0],[1,0,1],[1,0,1],[0,0,0],[0,1,0],[0,1,0],[0,0,0],[1,0,1],[1,0,1],[0,0,0],[0,1,0],[0,1,0],[0,0,0],[1,0,1],[1,0,1],[0,0,0],[0,1,0],[0,1,0],[0,0,0],[1,0,1],[1,0,1],[0,0,0],[0,1,0],[0,1,0],[0,0,0],[1,0,1],[1,0,1],[0,0,0],[0,1,0],[0,1,0],[0,0,0],[1,0,1],[1,0,1],[0,0,0],[0,1,0],[0,1,0],[0,0,0],[1,0,1],[1,0,1],[0,0,0],[0,1,0],[0,1,0],[0,0,0],[1,0,1],[1,0,1],[0,0,0],[0,1,0],[0,1,0],[0,0,0],[1,0,1],[1,0,1],[0,0,0],[0,1,0],[0,1,0],[0,0,0],[1,0,1],[1,0,1]]","[[[7.0,2.0],[0.0,2.0]],[[9.0,0.0],[5.0,7.0]],[[9.0,5.0],[2.0,9.0]]]"
figure_8,inconsistent_no_tail,3,31,1244000007,motif_repeat_swapmask,6,0,False,True,True,False,"[[0,1],[0,1],[0,1]]","[[1,1,1],[1,1,1],[0,0,0],[0,0,0],[0,0,0],[0,0,0]]","[[1,1,1],[1,1,1],[0,0,0],[0,0,0],[0,0,0],[0,0,0],[1,1,1],[1,1,1],[0,0,0],[0,0,0],[0,0,0],[0,0,0],[1,1,1],[1,1,1],[0,0,0],[0,0,0],[0,0,0],[0,0,0],[1,1,1],[1,1,1],[0,0,0],[0,0,0],[0,0,0],[0,0,0],[1,1,1],[1,1,1],[0,0,0],[0,0,0],[0,0,0],[0,0,0],[1,1,1],[1,1,1],[0,0,0],[0,0,0],[0,0,0],[0,0,0],[1,1,1],[1,1,1],[0,0,0],[0,0,0],[0,0,0],[0,0,0],[1,1,1],[1,1,1],[0,0,0],[0,0,0],[0,0,0],[0,0,0],[1,1,1],[1,1,1],[0,0,0],[0,0,0],[0,0,0],[0,0,0],[1,1,1],[1,1,1],[0,0,0],[0,0,0],[0,0,0],[0,0,0],[1,1,1],[1,1,1],[0,0,0],[0,0,0],[0,0,0],[0,0,0],[1,1,1],[1,1,1],[0,0,0],[0,0,0],[0,0,0],[0,0,0],[1,1,1],[1,1,1],[0,0,0],[0,0,0],[0,0,0],[0,0,0],[1,1,1],[1,1,1],[0,0,0],[0,0,0],[0,0,0],[0,0,0],[1,1,1],[1,1,1],[0,0,0],[0,0,0],[0,0,0],[0,0,0],[1,1,1],[1,1,1],[0,0,0],[0,0,0],[0,0,0],[0,0,0],[1,1,1],[1,1,1],[0,0,0],[0,0,0],[0,0,0],[0,0,0],[1,1,1],[1,1,1],[0,0,0],[0,0,0],[0,0,0],[0,0,0],[1,1,1],[1,1,1],[0,0,0],[0,0,0],[0,0,0],[0,0,0],[1,1,1],[1,1,1],[0,0,0],[0,0,0],[0,0,0],[0,0,0],[1,1,1],[1,1,1],[0,0,0],[0,0,0],[0,0,0],[0,0,0],[1,1,1],[1,1,1],[0,0,0],[0,0,0],[0,0,0],[0,0,0],[1,1,1],[1,1,1],[0,0,0],[0,0,0],[0,0,0],[0,0,0],[1,1,1],[1,1,1]]","[[[2.0,7.0],[2.0,0.0]],[[5.0,7.0],[9.0,0.0]],[[9.0,5.0],[2.0,9.0]]]"
figure_8,inconsistent_no_tail,3,32,1472000000,motif_repeat_swapmask,6,0,False,True,True,False,"[[0,1],[0,1],[0,1]]","[[1,0,1],[1,0,1],[0,0,0],[0,1,0],[0,1,0],[0,0,0]]","[[1,0,1],[1,0,1],[0,0,0],[0,1,0],[0,1,0],[0,0,0],[1,0,1],[1,0,1],[0,0,0],[0,1,0],[0,1,0],[0,0,0],[1,0,1],[1,0,1],[0,0,0],[0,1,0],[0,1,0],[0,0,0],[1,0,1],[1,0,1],[0,0,0],[0,1,0],[0,1,0],[0,0,0],[1,0,1],[1,0,1],[0,0,0],[0,1,0],[0,1,0],[0,0,0],[1,0,1],[1,0,1],[0,0,0],[0,1,0],[0,1,0],[0,0,0],[1,0,1],[1,0,1],[0,0,0],[0,1,0],[0,1,0],[0,0,0],[1,0,1],[1,0,1],[0,0,0],[0,1,0],[0,1,0],[0,0,0],[1,0,1],[1,0,1],[0,0,0],[0,1,0],[0,1,0],[0,0,0],[1,0,1],[1,0,1],[0,0,0],[0,1,0],[0,1,0],[0,0,0],[1,0,1],[1,0,1],[0,0,0],[0,1,0],[0,1,0],[0,0,0],[1,0,1],[1,0,1],[0,0,0],[0,1,0],[0,1,0],[0,0,0],[1,0,1],[1,0,1],[0,0,0],[0,1,0],[0,1,0],[0,0,0],[1,0,1],[1,0,1],[0,0,0],[0,1,0],[0,1,0],[0,0,0],[1,0,1],[1,0,1],[0,0,0],[0,1,0],[0,1,0],[0,0,0],[1,0,1],[1,0,1],[0,0,0],[0,1,0],[0,1,0],[0,0,0],[1,0,1],[1,0,1],[0,0,0],[0,1,0],[0,1,0],[0,0,0],[1,0,1],[1,0,1],[0,0,0],[0,1,0],[0,1,0],[0,0,0],[1,0,1],[1,0,1],[0,0,0],[0,1,0],[0,1,0],[0,0,0],[1,0,1],[1,0,1],[0,0,0],[0,1,0],[0,1,0],[0,0,0],[1,0,1],[1,0,1],[0,0,0],[0,1,0],[0,1,0],[0,0,0],[1,0,1],[1,0,1],[0,0,0],[0,1,0],[0,1,0],[0,0,0],[1,0,1],[1,0,1],[0,0,0],[0,1,0],[0,1,0],[0,0,0],[1,0,1],[1,0,1]]","[[[0.0,8.0],[8.0,0.0]],[[8.0,0.0],[2.0,3.0]],[[1.0,6.0],[3.0,0.0]]]"
figure_8,inconsistent_no_tail,3,33,1472000001,motif_repeat_swapmask,6,0,False,True,True,False,"[[0,1],[0,1],[0,1]]","[[1,0,1],[1,0,1],[0,0,0],[0,1,0],[0,1,0],[0,0,0]]","[[1,0,1],[1,0,1],[0,0,0],[0,1,0],[0,1,0],[0,0,0],[1,0,1],[1,0,1],[0,0,0],[0,1,0],[0,1,0],[0,0,0],[1,0,1],[1,0,1],[0,0,0],[0,1,0],[0,1,0],[0,0,0],[1,0,1],[1,0,1],[0,0,0],[0,1,0],[0,1,0],[0,0,0],[1,0,1],[1,0,1],[0,0,0],[0,1,0],[0,1,0],[0,0,0],[1,0,1],[1,0,1],[0,0,0],[0,1,0],[0,1,0],[0,0,0],[1,0,1],[1,0,1],[0,0,0],[0,1,0],[0,1,0],[0,0,0],[1,0,1],[1,0,1],[0,0,0],[0,1,0],[0,1,0],[0,0,0],[1,0,1],[1,0,1],[0,0,0],[0,1,0],[0,1,0],[0,0,0],[1,0,1],[1,0,1],[0,0,0],[0,1,0],[0,1,0],[0,0,0],[1,0,1],[1,0,1],[0,0,0],[0,1,0],[0,1,0],[0,0,0],[1,0,1],[1,0,1],[0,0,0],[0,1,0],[0,1,0],[0,0,0],[1,0,1],[1,0,1],[0,0,0],[0,1,0],[0,1,0],[0,0,0],[1,0,1],[1,0,1],[0,0,0],[0,1,0],[0,1,0],[0,0,0],[1,0,1],[1,0,1],[0,0,0],[0,1,0],[0,1,0],[0,0,0],[1,0,1],[1,0,1],[0,0,0],[0,1,0],[0,1,0],[0,0,0],[1,0,1],[1,0,1],[0,0,0],[0,1,0],[0,1,0],[0,0,0],[1,0,1],[1,0,1],[0,0,0],[0,1,0],[0,1,0],[0,0,0],[1,0,1],[1,0,1],[0,0,0],[0,1,0],[0,1,0],[0,0,0],[1,0,1],[1,0,1],[0,0,0],[0,1,0],[0,1,0],[0,0,0],[1,0,1],[1,0,1],[0,0,0],[0,1,0],[0,1,0],[0,0,0],[1,0,1],[1,0,1],[0,0,0],[0,1,0],[0,1,0],[0,0,0],[1,0,1],[1,0,1],[0,0,0],[0,1,0],[0,1,0],[0,0,0],[1,0,1],[1,0,1]]","[[[8.0,0.0],[0.0,8.0]],[[8.0,0.0],[2.0,3.0]],[[6.0,1.0],[0.0,3.0]]]"
figure_8,inconsistent_no_tail,3,34,1472000002,motif_repeat_swapmask,6,0,False,True,True,False,"[[0,1],[0,1],[0,1]]","[[1,1,1],[1,1,1],[0,0,0],[0,0,0],[0,0,0],[0,0,0]]","[[1,1,1],[1,1,1],[0,0,0],[0,0,0],[0,0,0],[0,0,0],[1,1,1],[1,1,1],[0,0,0],[0,0,0],[0,0,0],[0,0,0],[1,1,1],[1,1,1],[0,0,0],[0,0,0],[0,0,0],[0,0,0],[1,1,1],[1,1,1],[0,0,0],[0,0,0],[0,0,0],[0,0,0],[1,1,1],[1,1,1],[0,0,0],[0,0,0],[0,0,0],[0,0,0],[1,1,1],[1,1,1],[0,0,0],[0,0,0],[0,0,0],[0,0,0],[1,1,1],[1,1,1],[0,0,0],[0,0,0],[0,0,0],[0,0,0],[1,1,1],[1,1,1],[0,0,0],[0,0,0],[0,0,0],[0,0,0],[1,1,1],[1,1,1],[0,0,0],[0,0,0],[0,0,0],[0,0,0],[1,1,1],[1,1,1],[0,0,0],[0,0,0],[0,0,0],[0,0,0],[1,1,1],[1,1,1],[0,0,0],[0,0,0],[0,0,0],[0,0,0],[1,1,1],[1,1,1],[0,0,0],[0,0,0],[0,0,0],[0,0,0],[1,1,1],[1,1,1],[0,0,0],[0,0,0],[0,0,0],[0,0,0],[1,1,1],[1,1,1],[0,0,0],[0,0,0],[0,0,0],[0,0,0],[1,1,1],[1,1,1],[0,0,0],[0,0,0],[0,0,0],[0,0,0],[1,1,1],[1,1,1],[0,0,0],[0,0,0],[0,0,0],[0,0,0],[1,1,1],[1,1,1],[0,0,0],[0,0,0],[0,0,0],[0,0,0],[1,1,1],[1,1,1],[0,0,0],[0,0,0],[0,0,0],[0,0,0],[1,1,1],[1,1,1],[0,0,0],[0,0,0],[0,0,0],[0,0,0],[1,1,1],[1,1,1],[0,0,0],[0,0,0],[0,0,0],[0,0,0],[1,1,1],[1,1,1],[0,0,0],[0,0,0],[0,0,0],[0,0,0],[1,1,1],[1,1,1],[0,0,0],[0,0,0],[0,0,0],[0,0,0],[1,1,1],[1,1,1],[0,0,0],[0,0,0],[0,0,0],[0,0,0],[1,1,1],[1,1,1]]","[[[8.0,0.0],[0.0,8.0]],[[2.0,3.0],[8.0,0.0]],[[1.0,6.0],[3.0,0.0]]]"
figure_8,inconsistent_no_tail,3,35,1472000003,motif_repeat_swapmask,6,0,False,True,True,False,"[[0,1],[0,1],[0,1]]","[[1,1,1],[1,1,1],[0,0,0],[0,0,0],[0,0,0],[0,0,0]]","[[1,1,1],[1,1,1],[0,0,0],[0,0,0],[0,0,0],[0,0,0],[1,1,1],[1,1,1],[0,0,0],[0,0,0],[0,0,0],[0,0,0],[1,1,1],[1,1,1],[0,0,0],[0,0,0],[0,0,0],[0,0,0],[1,1,1],[1,1,1],[0,0,0],[0,0,0],[0,0,0],[0,0,0],[1,1,1],[1,1,1],[0,0,0],[0,0,0],[0,0,0],[0,0,0],[1,1,1],[1,1,1],[0,0,0],[0,0,0],[0,0,0],[0,0,0],[1,1,1],[1,1,1],[0,0,0],[0,0,0],[0,0,0],[0,0,0],[1,1,1],[1,1,1],[0,0,0],[0,0,0],[0,0,0],[0,0,0],[1,1,1],[1,1,1],[0,0,0],[0,0,0],[0,0,0],[0,0,0],[1,1,1],[1,1,1],[0,0,0],[0,0,0],[0,0,0],[0,0,0],[1,1,1],[1,1,1],[0,0,0],[0,0,0],[0,0,0],[0,0,0],[1,1,1],[1,1,1],[0,0,0],[0,0,0],[0,0,0],[0,0,0],[1,1,1],[1,1,1],[0,0,0],[0,0,0],[0,0,0],[0,0,0],[1,1,1],[1,1,1],[0,0,0],[0,0,0],[0,0,0],[0,0,0],[1,1,1],[1,1,1],[0,0,0],[0,0,0],[0,0,0],[0,0,0],[1,1,1],[1,1,1],[0,0,0],[0,0,0],[0,0,0],[0,0,0],[1,1,1],[1,1,1],[0,0,0],[0,0,0],[0,0,0],[0,0,0],[1,1,1],[1,1,1],[0,0,0],[0,0,0],[0,0,0],[0,0,0],[1,1,1],[1,1,1],[0,0,0],[0,0,0],[0,0,0],[0,0,0],[1,1,1],[1,1,1],[0,0,0],[0,0,0],[0,0,0],[0,0,0],[1,1,1],[1,1,1],[0,0,0],[0,0,0],[0,0,0],[0,0,0],[1,1,1],[1,1,1],[0,0,0],[0,0,0],[0,0,0],[0,0,0],[1,1,1],[1,1,1],[0,0,0],[0,0,0],[0,0,0],[0,0,0],[1,1,1],[1,1,1]]","[[[0.0,8.0],[8.0,0.0]],[[2.0,3.0],[8.0,0.0]],[[6.0,1.0],[0.0,3.0]]]"
figure_8,inconsistent_no_tail,3,36,1472000004,motif_repeat_swapmask,6,0,False,True,True,False,"[[0,1],[0,1],[0,1]]","[[0,0,0],[0,0,0],[0,0,0],[1,1,1],[1,1,1],[0,0,0]]","[[0,0,0],[0,0,0],[0,0,0],[1,1,1],[1,1,1],[0,0,0],[0,0,0],[0,0,0],[0,0,0],[1,1,1],[1,1,1],[0,0,0],[0,0,0],[0,0,0],[0,0,0],[1,1,1],[1,1,1],[0,0,0],[0,0,0],[0,0,0],[0,0,0],[1,1,1],[1,1,1],[0,0,0],[0,0,0],[0,0,0],[0,0,0],[1,1,1],[1,1,1],[0,0,0],[0,0,0],[0,0,0],[0,0,0],[1,1,1],[1,1,1],[0,0,0],[0,0,0],[0,0,0],[0,0,0],[1,1,1],[1,1,1],[0,0,0],[0,0,0],[0,0,0],[0,0,0],[1,1,1],[1,1,1],[0,0,0],[0,0,0],[0,0,0],[0,0,0],[1,1,1],[1,1,1],[0,0,0],[0,0,0],[0,0,0],[0,0,0],[1,1,1],[1,1,1],[0,0,0],[0,0,0],[0,0,0],[0,0,0],[1,1,1],[1,1,1],[0,0,0],[0,0,0],[0,0,0],[0,0,0],[1,1,1],[1,1,1],[0,0,0],[0,0,0],[0,0,0],[0,0,0],[1,1,1],[1,1,1],[0,0,0],[0,0,0],[0,0,0],[0,0,0],[1,1,1],[1,1,1],[0,0,0],[0,0,0],[0,0,0],[0,0,0],[1,1,1],[1,1,1],[0,0,0],[0,0,0],[0,0,0],[0,0,0],[1,1,1],[1,1,1],[0,0,0],[0,0,0],[0,0,0],[0,0,0],[1,1,1],[1,1,1],[0,0,0],[0,0,0],[0,0,0],[0,0,0],[1,1,1],[1,1,1],[0,0,0],[0,0,0],[0,0,0],[0,0,0],[1,1,1],[1,1,1],[0,0,0],[0,0,0],[0,0,0],[0,0,0],[1,1,1],[1,1,1],[0,0,0],[0,0,0],[0,0,0],[0,0,0],[1,1,1],[1,1,1],[0,0,0],[0,0,0],[0,0,0],[0,0,0],[1,1,1],[1,1,1],[0,0,0],[0,0,0],[0,0,0],[0,0,0],[1,1,1],[1,1,1],[0,0,0],[0,0,0],[0,0,0]]","[[[0.0,8.0],[8.0,0.0]],[[0.0,8.0],[3.0,2.0]],[[3.0,0.0],[1.0,6.0]]]"
figure_8,inconsistent_no_tail,3,37,1472000005,motif_repeat_swapmask,6,0,False,True,True,False,"[[0,1],[0,1],[0,1]]","[[0,0,0],[0,0,0],[0,0,0],[1,1,1],[1,1,1],[0,0,0]]","[[0,0,0],[0,0,0],[0,0,0],[1,1,1],[1,1,1],[0,0,0],[0,0,0],[0,0,0],[0,0,0],[1,1,1],[1,1,1],[0,0,0],[0,0,0],[0,0,0],[0,0,0],[1,1,1],[1,1,1],[0,0,0],[0,0,0],[0,0,0],[0,0,0],[1,1,1],[1,1,1],[0,0,0],[0,0,0],[0,0,0],[0,0,0],[1,1,1],[1,1,1],[0,0,0],[0,0,0],[0,0,0],[0,0,0],[1,1,1],[1,1,1],[0,0,0],[0,0,0],[0,0,0],[0,0,0],[1,1,1],[1,1,1],[0,0,0],[0,0,0],[0,0,0],[0,0,0],[1,1,1],[1,1,1],[0,0,0],[0,0,0],[0,0,0],[0,0,0],[1,1,1],[1,1,1],[0,0,0],[0,0,0],[0,0,0],[0,0,0],[1,1,1],[1,1,1],[0,0,0],[0,0,0],[0,0,0],[0,0,0],[1,1,1],[1,1,1],[0,0,0],[0,0,0],[0,0,0],[0,0,0],[1,1,1],[1,1,1],[0,0,0],[0,0,0],[0,0,0],[0,0,0],[1,1,1],[1,1,1],[0,0,0],[0,0,0],[0,0,0],[0,0,0],[1,1,1],[1,1,1],[0,0,0],[0,0,0],[0,0,0],[0,0,0],[1,1,1],[1,1,1],[0,0,0],[0,0,0],[0,0,0],[0,0,0],[1,1,1],[1,1,1],[0,0,0],[0,0,0],[0,0,0],[0,0,0],[1,1,1],[1,1,1],[0,0,0],[0,0,0],[0,0,0],[0,0,0],[1,1,1],[1,1,1],[0,0,0],[0,0,0],[0,0,0],[0,0,0],[1,1,1],[1,1,1],[0,0,0],[0,0,0],[0,0,0],[0,0,0],[1,1,1],[1,1,1],[0,0,0],[0,0,0],[0,0,0],[0,0,0],[1,1,1],[1,1,1],[0,0,0],[0,0,0],[0,0,0],[0,0,0],[1,1,1],[1,1,1],[0,0,0],[0,0,0],[0,0,0],[0,0,0],[1,1,1],[1,1,1],[0,0,0],[0,0,0],[0,0,0]]","[[[8.0,0.0],[0.0,8.0]],[[0.0,8.0],[3.0,2.0]],[[0.0,3.0],[6.0,1.0]]]"
figure_8,inconsistent_no_tail,3,38,1472000006,motif_repeat_swapmask,6,0,False,True,True,False,"[[0,1],[0,1],[0,1]]","[[0,1,0],[0,1,0],[0,0,0],[1,0,1],[1,0,1],[0,0,0]]","[[0,1,0],[0,1,0],[0,0,0],[1,0,1],[1,0,1],[0,0,0],[0,1,0],[0,1,0],[0,0,0],[1,0,1],[1,0,1],[0,0,0],[0,1,0],[0,1,0],[0,0,0],[1,0,1],[1,0,1],[0,0,0],[0,1,0],[0,1,0],[0,0,0],[1,0,1],[1,0,1],[0,0,0],[0,1,0],[0,1,0],[0,0,0],[1,0,1],[1,0,1],[0,0,0],[0,1,0],[0,1,0],[0,0,0],[1,0,1],[1,0,1],[0,0,0],[0,1,0],[0,1,0],[0,0,0],[1,0,1],[1,0,1],[0,0,0],[0,1,0],[0,1,0],[0,0,0],[1,0,1],[1,0,1],[0,0,0],[0,1,0],[0,1,0],[0,0,0],[1,0,1],[1,0,1],[0,0,0],[0,1,0],[0,1,0],[0,0,0],[1,0,1],[1,0,1],[0,0,0],[0,1,0],[0,1,0],[0,0,0],[1,0,1],[1,0,1],[0,0,0],[0,1,0],[0,1,0],[0,0,0],[1,0,1],[1,0,1],[0,0,0],[0,1,0],[0,1,0],[0,0,0],[1,0,1],[1,0,1],[0,0,0],[0,1,0],[0,1,0],[0,0,0],[1,0,1],[1,0,1],[0,0,0],[0,1,0],[0,1,0],[0,0,0],[1,0,1],[1,0,1],[0,0,0],[0,1,0],[0,1,0],[0,0,0],[1,0,1],[1,0,1],[0,0,0],[0,1,0],[0,1,0],[0,0,0],[1,0,1],[1,0,1],[0,0,0],[0,1,0],[0,1,0],[0,0,0],[1,0,1],[1,0,1],[0,0,0],[0,1,0],[0,1,0],[0,0,0],[1,0,1],[1,0,1],[0,0,0],[0,1,0],[0,1,0],[0,0,0],[1,0,1],[1,0,1],[0,0,0],[0,1,0],[0,1,0],[0,0,0],[1,0,1],[1,0,1],[0,0,0],[0,1,0],[0,1,0],[0,0,0],[1,0,1],[1,0,1],[0,0,0],[0,1,0],[0,1,0],[0,0,0],[1,0,1],[1,0,1],[0,0,0],[0,1,0],[0,1,0]]","[[[8.0,0.0],[0.0,8.0]],[[3.0,2.0],[0.0,8.0]],[[3.0,0.0],[1.0,6.0]]]"
figure_8,inconsistent_no_tail,3,39,1472000007,motif_repeat_swapmask,6,0,False,True,True,False,"[[0,1],[0,1],[0,1]]","[[0,1,0],[0,1,0],[0,0,0],[1,0,1],[1,0,1],[0,0,0]]","[[0,1,0],[0,1,0],[0,0,0],[1,0,1],[1,0,1],[0,0,0],[0,1,0],[0,1,0],[0,0,0],[1,0,1],[1,0,1],[0,0,0],[0,1,0],[0,1,0],[0,0,0],[1,0,1],[1,0,1],[0,0,0],[0,1,0],[0,1,0],[0,0,0],[1,0,1],[1,0,1],[0,0,0],[0,1,0],[0,1,0],[0,0,0],[1,0,1],[1,0,1],[0,0,0],[0,1,0],[0,1,0],[0,0,0],[1,0,1],[1,0,1],[0,0,0],[0,1,0],[0,1,0],[0,0,0],[1,0,1],[1,0,1],[0,0,0],[0,1,0],[0,1,0],[0,0,0],[1,0,1],[1,0,1],[0,0,0],[0,1,0],[0,1,0],[0,0,0],[1,0,1],[1,0,1],[0,0,0],[0,1,0],[0,1,0],[0,0,0],[1,0,1],[1,0,1],[0,0,0],[0,1,0],[0,1,0],[0,0,0],[1,0,1],[1,0,1],[0,0,0],[0,1,0],[0,1,0],[0,0,0],[1,0,1],[1,0,1],[0,0,0],[0,1,0],[0,1,0],[0,0,0],[1,0,1],[1,0,1],[0,0,0],[0,1,0],[0,1,0],[0,0,0],[1,0,1],[1,0,1],[0,0,0],[0,1,0],[0,1,0],[0,0,0],[1,0,1],[1,0,1],[0,0,0],[0,1,0],[0,1,0],[0,0,0],[1,0,1],[1,0,1],[0,0,0],[0,1,0],[0,1,0],[0,0,0],[1,0,1],[1,0,1],[0,0,0],[0,1,0],[0,1,0],[0,0,0],[1,0,1],[1,0,1],[0,0,0],[0,1,0],[0,1,0],[0,0,0],[1,0,1],[1,0,1],[0,0,0],[0,1,0],[0,1,0],[0,0,0],[1,0,1],[1,0,1],[0,0,0],[0,1,0],[0,1,0],[0,0,0],[1,0,1],[1,0,1],[0,0,0],[0,1,0],[0,1,0],[0,0,0],[1,0,1],[1,0,1],[0,0,0],[0,1,0],[0,1,0],[0,0,0],[1,0,1],[1,0,1],[0,0,0],[0,1,0],[0,1,0]]","[[[0.0,8.0],[8.0,0.0]],[[3.0,2.0],[0.0,8.0]],[[0.0,3.0],[6.0,1.0]]]"
figure_8,inconsistent_no_tail,3,40,1876000000,motif_repeat_swapmask,6,0,False,True,True,False,"[[0,1],[0,1],[0,1]]","[[0,0,1],[0,0,1],[0,0,0],[1,1,0],[1,1,0],[0,0,0]]","[[0,0,1],[0,0,1],[0,0,0],[1,1,0],[1,1,0],[0,0,0],[0,0,1],[0,0,1],[0,0,0],[1,1,0],[1,1,0],[0,0,0],[0,0,1],[0,0,1],[0,0,0],[1,1,0],[1,1,0],[0,0,0],[0,0,1],[0,0,1],[0,0,0],[1,1,0],[1,1,0],[0,0,0],[0,0,1],[0,0,1],[0,0,0],[1,1,0],[1,1,0],[0,0,0],[0,0,1],[0,0,1],[0,0,0],[1,1,0],[1,1,0],[0,0,0],[0,0,1],[0,0,1],[0,0,0],[1,1,0],[1,1,0],[0,0,0],[0,0,1],[0,0,1],[0,0,0],[1,1,0],[1,1,0],[0,0,0],[0,0,1],[0,0,1],[0,0,0],[1,1,0],[1,1,0],[0,0,0],[0,0,1],[0,0,1],[0,0,0],[1,1,0],[1,1,0],[0,0,0],[0,0,1],[0,0,1],[0,0,0],[1,1,0],[1,1,0],[0,0,0],[0,0,1],[0,0,1],[0,0,0],[1,1,0],[1,1,0],[0,0,0],[0,0,1],[0,0,1],[0,0,0],[1,1,0],[1,1,0],[0,0,0],[0,0,1],[0,0,1],[0,0,0],[1,1,0],[1,1,0],[0,0,0],[0,0,1],[0,0,1],[0,0,0],[1,1,0],[1,1,0],[0,0,0],[0,0,1],[0,0,1],[0,0,0],[1,1,0],[1,1,0],[0,0,0],[0,0,1],[0,0,1],[0,0,0],[1,1,0],[1,1,0],[0,0,0],[0,0,1],[0,0,1],[0,0,0],[1,1,0],[1,1,0],[0,0,0],[0,0,1],[0,0,1],[0,0,0],[1,1,0],[1,1,0],[0,0,0],[0,0,1],[0,0,1],[0,0,0],[1,1,0],[1,1,0],[0,0,0],[0,0,1],[0,0,1],[0,0,0],[1,1,0],[1,1,0],[0,0,0],[0,0,1],[0,0,1],[0,0,0],[1,1,0],[1,1,0],[0,0,0],[0,0,1],[0,0,1],[0,0,0],[1,1,0],[1,1,0],[0,0,0],[0,0,1],[0,0,1]]","[[[0.0,8.0],[6.0,3.0]],[[0.0,8.0],[9.0,3.0]],[[8.0,1.0],[5.0,5.0]]]"
figure_8,inconsistent_no_tail,3,41,1876000002,motif_repeat_swapmask,6,0,False,True,True,False,"[[0,1],[0,1],[0,1]]","[[0,1,1],[0,1,1],[0,0,0],[1,0,0],[1,0,0],[0,0,0]]","[[0,1,1],[0,1,1],[0,0,0],[1,0,0],[1,0,0],[0,0,0],[0,1,1],[0,1,1],[0,0,0],[1,0,0],[1,0,0],[0,0,0],[0,1,1],[0,1,1],[0,0,0],[1,0,0],[1,0,0],[0,0,0],[0,1,1],[0,1,1],[0,0,0],[1,0,0],[1,0,0],[0,0,0],[0,1,1],[0,1,1],[0,0,0],[1,0,0],[1,0,0],[0,0,0],[0,1,1],[0,1,1],[0,0,0],[1,0,0],[1,0,0],[0,0,0],[0,1,1],[0,1,1],[0,0,0],[1,0,0],[1,0,0],[0,0,0],[0,1,1],[0,1,1],[0,0,0],[1,0,0],[1,0,0],[0,0,0],[0,1,1],[0,1,1],[0,0,0],[1,0,0],[1,0,0],[0,0,0],[0,1,1],[0,1,1],[0,0,0],[1,0,0],[1,0,0],[0,0,0],[0,1,1],[0,1,1],[0,0,0],[1,0,0],[1,0,0],[0,0,0],[0,1,1],[0,1,1],[0,0,0],[1,0,0],[1,0,0],[0,0,0],[0,1,1],[0,1,1],[0,0,0],[1,0,0],[1,0,0],[0,0,0],[0,1,1],[0,1,1],[0,0,0],[1,0,0],[1,0,0],[0,0,0],[0,1,1],[0,1,1],[0,0,0],[1,0,0],[1,0,0],[0,0,0],[0,1,1],[0,1,1],[0,0,0],[1,0,0],[1,0,0],[0,0,0],[0,1,1],[0,1,1],[0,0,0],[1,0,0],[1,0,0],[0,0,0],[0,1,1],[0,1,1],[0,0,0],[1,0,0],[1,0,0],[0,0,0],[0,1,1],[0,1,1],[0,0,0],[1,0,0],[1,0,0],[0,0,0],[0,1,1],[0,1,1],[0,0,0],[1,0,0],[1,0,0],[0,0,0],[0,1,1],[0,1,1],[0,0,0],[1,0,0],[1,0,0],[0,0,0],[0,1,1],[0,1,1],[0,0,0],[1,0,0],[1,0,0],[0,0,0],[0,1,1],[0,1,1],[0,0,0],[1,0,0],[1,0,0],[0,0,0],[0,1,1],[0,1,1]]","[[[8.0,0.0],[3.0,6.0]],[[9.0,3.0],[0.0,8.0]],[[8.0,1.0],[5.0,5.0]]]"
figure_8,inconsistent_no_tail,3,42,308042000000,motif_repeat_swapmask,6,0,False,True,True,False,"[[0,1],[0,1],[0,1]]","[[0,0,1],[0,0,1],[0,0,0],[1,1,0],[1,1,0],[0,0,0]]","[[0,0,1],[0,0,1],[0,0,0],[1,1,0],[1,1,0],[0,0,0],[0,0,1],[0,0,1],[0,0,0],[1,1,0],[1,1,0],[0,0,0],[0,0,1],[0,0,1],[0,0,0],[1,1,0],[1,1,0],[0,0,0],[0,0,1],[0,0,1],[0,0,0],[1,1,0],[1,1,0],[0,0,0],[0,0,1],[0,0,1],[0,0,0],[1,1,0],[1,1,0],[0,0,0],[0,0,1],[0,0,1],[0,0,0],[1,1,0],[1,1,0],[0,0,0],[0,0,1],[0,0,1],[0,0,0],[1,1,0],[1,1,0],[0,0,0],[0,0,1],[0,0,1],[0,0,0],[1,1,0],[1,1,0],[0,0,0],[0,0,1],[0,0,1],[0,0,0],[1,1,0],[1,1,0],[0,0,0],[0,0,1],[0,0,1],[0,0,0],[1,1,0],[1,1,0],[0,0,0],[0,0,1],[0,0,1],[0,0,0],[1,1,0],[1,1,0],[0,0,0],[0,0,1],[0,0,1],[0,0,0],[1,1,0],[1,1,0],[0,0,0],[0,0,1],[0,0,1],[0,0,0],[1,1,0],[1,1,0],[0,0,0],[0,0,1],[0,0,1],[0,0,0],[1,1,0],[1,1,0],[0,0,0],[0,0,1],[0,0,1],[0,0,0],[1,1,0],[1,1,0],[0,0,0],[0,0,1],[0,0,1],[0,0,0],[1,1,0],[1,1,0],[0,0,0],[0,0,1],[0,0,1],[0,0,0],[1,1,0],[1,1,0],[0,0,0],[0,0,1],[0,0,1],[0,0,0],[1,1,0],[1,1,0],[0,0,0],[0,0,1],[0,0,1],[0,0,0],[1,1,0],[1,1,0],[0,0,0],[0,0,1],[0,0,1],[0,0,0],[1,1,0],[1,1,0],[0,0,0],[0,0,1],[0,0,1],[0,0,0],[1,1,0],[1,1,0],[0,0,0],[0,0,1],[0,0,1],[0,0,0],[1,1,0],[1,1,0],[0,0,0],[0,0,1],[0,0,1],[0,0,0],[1,1,0],[1,1,0],[0,0,0],[0,0,1],[0,0,1]]","[[[8.0,2.0],[4.0,4.0]],[[9.0,2.0],[5.0,6.0]],[[9.0,5.0],[6.0,7.0]]]"
figure_8,inconsistent_no_tail,3,43,308042000001,motif_repeat_swapmask,6,0,False,True,True,False,"[[0,1],[0,1],[0,1]]","[[1,0,1],[1,0,1],[0,0,0],[0,1,0],[0,1,0],[0,0,0]]","[[1,0,1],[1,0,1],[0,0,0],[0,1,0],[0,1,0],[0,0,0],[1,0,1],[1,0,1],[0,0,0],[0,1,0],[0,1,0],[0,0,0],[1,0,1],[1,0,1],[0,0,0],[0,1,0],[0,1,0],[0,0,0],[1,0,1],[1,0,1],[0,0,0],[0,1,0],[0,1,0],[0,0,0],[1,0,1],[1,0,1],[0,0,0],[0,1,0],[0,1,0],[0,0,0],[1,0,1],[1,0,1],[0,0,0],[0,1,0],[0,1,0],[0,0,0],[1,0,1],[1,0,1],[0,0,0],[0,1,0],[0,1,0],[0,0,0],[1,0,1],[1,0,1],[0,0,0],[0,1,0],[0,1,0],[0,0,0],[1,0,1],[1,0,1],[0,0,0],[0,1,0],[0,1,0],[0,0,0],[1,0,1],[1,0,1],[0,0,0],[0,1,0],[0,1,0],[0,0,0],[1,0,1],[1,0,1],[0,0,0],[0,1,0],[0,1,0],[0,0,0],[1,0,1],[1,0,1],[0,0,0],[0,1,0],[0,1,0],[0,0,0],[1,0,1],[1,0,1],[0,0,0],[0,1,0],[0,1,0],[0,0,0],[1,0,1],[1,0,1],[0,0,0],[0,1,0],[0,1,0],[0,0,0],[1,0,1],[1,0,1],[0,0,0],[0,1,0],[0,1,0],[0,0,0],[1,0,1],[1,0,1],[0,0,0],[0,1,0],[0,1,0],[0,0,0],[1,0,1],[1,0,1],[0,0,0],[0,1,0],[0,1,0],[0,0,0],[1,0,1],[1,0,1],[0,0,0],[0,1,0],[0,1,0],[0,0,0],[1,0,1],[1,0,1],[0,0,0],[0,1,0],[0,1,0],[0,0,0],[1,0,1],[1,0,1],[0,0,0],[0,1,0],[0,1,0],[0,0,0],[1,0,1],[1,0,1],[0,0,0],[0,1,0],[0,1,0],[0,0,0],[1,0,1],[1,0,1],[0,0,0],[0,1,0],[0,1,0],[0,0,0],[1,0,1],[1,0,1],[0,0,0],[0,1,0],[0,1,0],[0,0,0],[1,0,1],[1,0,1]]","[[[4.0,4.0],[8.0,2.0]],[[9.0,2.0],[5.0,6.0]],[[5.0,9.0],[7.0,6.0]]]"
figure_8,inconsistent_no_tail,3,44,308042000002,motif_repeat_swapmask,6,0,False,True,True,False,"[[0,1],[0,1],[0,1]]","[[0,1,1],[0,1,1],[0,0,0],[1,0,0],[1,0,0],[0,0,0]]","[[0,1,1],[0,1,1],[0,0,0],[1,0,0],[1,0,0],[0,0,0],[0,1,1],[0,1,1],[0,0,0],[1,0,0],[1,0,0],[0,0,0],[0,1,1],[0,1,1],[0,0,0],[1,0,0],[1,0,0],[0,0,0],[0,1,1],[0,1,1],[0,0,0],[1,0,0],[1,0,0],[0,0,0],[0,1,1],[0,1,1],[0,0,0],[1,0,0],[1,0,0],[0,0,0],[0,1,1],[0,1,1],[0,0,0],[1,0,0],[1,0,0],[0,0,0],[0,1,1],[0,1,1],[0,0,0],[1,0,0],[1,0,0],[0,0,0],[0,1,1],[0,1,1],[0,0,0],[1,0,0],[1,0,0],[0,0,0],[0,1,1],[0,1,1],[0,0,0],[1,0,0],[1,0,0],[0,0,0],[0,1,1],[0,1,1],[0,0,0],[1,0,0],[1,0,0],[0,0,0],[0,1,1],[0,1,1],[0,0,0],[1,0,0],[1,0,0],[0,0,0],[0,1,1],[0,1,1],[0,0,0],[1,0,0],[1,0,0],[0,0,0],[0,1,1],[0,1,1],[0,0,0],[1,0,0],[1,0,0],[0,0,0],[0,1,1],[0,1,1],[0,0,0],[1,0,0],[1,0,0],[0,0,0],[0,1,1],[0,1,1],[0,0,0],[1,0,0],[1,0,0],[0,0,0],[0,1,1],[0,1,1],[0,0,0],[1,0,0],[1,0,0],[0,0,0],[0,1,1],[0,1,1],[0,0,0],[1,0,0],[1,0,0],[0,0,0],[0,1,1],[0,1,1],[0,0,0],[1,0,0],[1,0,0],[0,0,0],[0,1,1],[0,1,1],[0,0,0],[1,0,0],[1,0,0],[0,0,0],[0,1,1],[0,1,1],[0,0,0],[1,0,0],[1,0,0],[0,0,0],[0,1,1],[0,1,1],[0,0,0],[1,0,0],[1,0,0],[0,0,0],[0,1,1],[0,1,1],[0,0,0],[1,0,0],[1,0,0],[0,0,0],[0,1,1],[0,1,1],[0,0,0],[1,0,0],[1,0,0],[0,0,0],[0,1,1],[0,1,1]]","[[[2.0,8.0],[4.0,4.0]],[[5.0,6.0],[9.0,2.0]],[[9.0,5.0],[6.0,7.0]]]"
figure_8,inconsistent_no_tail,3,45,308042000003,motif_repeat_swapmask,6,0,False,True,True,False,"[[0,1],[0,1],[0,1]]","[[1,1,1],[1,1,1],[0,0,0],[0,0,0],[0,0,0],[0,0,0]]","[[1,1,1],[1,1,1],[0,0,0],[0,0,0],[0,0,0],[0,0,0],[1,1,1],[1,1,1],[0,0,0],[0,0,0],[0,0,0],[0,0,0],[1,1,1],[1,1,1],[0,0,0],[0,0,0],[0,0,0],[0,0,0],[1,1,1],[1,1,1],[0,0,0],[0,0,0],[0,0,0],[0,0,0],[1,1,1],[1,1,1],[0,0,0],[0,0,0],[0,0,0],[0,0,0],[1,1,1],[1,1,1],[0,0,0],[0,0,0],[0,0,0],[0,0,0],[1,1,1],[1,1,1],[0,0,0],[0,0,0],[0,0,0],[0,0,0],[1,1,1],[1,1,1],[0,0,0],[0,0,0],[0,0,0],[0,0,0],[1,1,1],[1,1,1],[0,0,0],[0,0,0],[0,0,0],[0,0,0],[1,1,1],[1,1,1],[0,0,0],[0,0,0],[0,0,0],[0,0,0],[1,1,1],[1,1,1],[0,0,0],[0,0,0],[0,0,0],[0,0,0],[1,1,1],[1,1,1],[0,0,0],[0,0,0],[0,0,0],[0,0,0],[1,1,1],[1,1,1],[0,0,0],[0,0,0],[0,0,0],[0,0,0],[1,1,1],[1,1,1],[0,0,0],[0,0,0],[0,0,0],[0,0,0],[1,1,1],[1,1,1],[0,0,0],[0,0,0],[0,0,0],[0,0,0],[1,1,1],[1,1,1],[0,0,0],[0,0,0],[0,0,0],[0,0,0],[1,1,1],[1,1,1],[0,0,0],[0,0,0],[0,0,0],[0,0,0],[1,1,1],[1,1,1],[0,0,0],[0,0,0],[0,0,0],[0,0,0],[1,1,1],[1,1,1],[0,0,0],[0,0,0],[0,0,0],[0,0,0],[1,1,1],[1,1,1],[0,0,0],[0,0,0],[0,0,0],[0,0,0],[1,1,1],[1,1,1],[0,0,0],[0,0,0],[0,0,0],[0,0,0],[1,1,1],[1,1,1],[0,0,0],[0,0,0],[0,0,0],[0,0,0],[1,1,1],[1,1,1],[0,0,0],[0,0,0],[0,0,0],[0,0,0],[1,1,1],[1,1,1]]","[[[4.0,4.0],[2.0,8.0]],[[5.0,6.0],[9.0,2.0]],[[5.0,9.0],[7.0,6.0]]]"
figure_8,inconsistent_no_tail,3,46,308042000004,motif_repeat_swapmask,6,0,False,True,True,False,"[[0,1],[0,1],[0,1]]","[[0,0,0],[0,0,0],[0,0,0],[1,1,1],[1,1,1],[0,0,0]]","[[0,0,0],[0,0,0],[0,0,0],[1,1,1],[1,1,1],[0,0,0],[0,0,0],[0,0,0],[0,0,0],[1,1,1],[1,1,1],[0,0,0],[0,0,0],[0,0,0],[0,0,0],[1,1,1],[1,1,1],[0,0,0],[0,0,0],[0,0,0],[0,0,0],[1,1,1],[1,1,1],[0,0,0],[0,0,0],[0,0,0],[0,0,0],[1,1,1],[1,1,1],[0,0,0],[0,0,0],[0,0,0],[0,0,0],[1,1,1],[1,1,1],[0,0,0],[0,0,0],[0,0,0],[0,0,0],[1,1,1],[1,1,1],[0,0,0],[0,0,0],[0,0,0],[0,0,0],[1,1,1],[1,1,1],[0,0,0],[0,0,0],[0,0,0],[0,0,0],[1,1,1],[1,1,1],[0,0,0],[0,0,0],[0,0,0],[0,0,0],[1,1,1],[1,1,1],[0,0,0],[0,0,0],[0,0,0],[0,0,0],[1,1,1],[1,1,1],[0,0,0],[0,0,0],[0,0,0],[0,0,0],[1,1,1],[1,1,1],[0,0,0],[0,0,0],[0,0,0],[0,0,0],[1,1,1],[1,1,1],[0,0,0],[0,0,0],[0,0,0],[0,0,0],[1,1,1],[1,1,1],[0,0,0],[0,0,0],[0,0,0],[0,0,0],[1,1,1],[1,1,1],[0,0,0],[0,0,0],[0,0,0],[0,0,0],[1,1,1],[1,1,1],[0,0,0],[0,0,0],[0,0,0],[0,0,0],[1,1,1],[1,1,1],[0,0,0],[0,0,0],[0,0,0],[0,0,0],[1,1,1],[1,1,1],[0,0,0],[0,0,0],[0,0,0],[0,0,0],[1,1,1],[1,1,1],[0,0,0],[0,0,0],[0,0,0],[0,0,0],[1,1,1],[1,1,1],[0,0,0],[0,0,0],[0,0,0],[0,0,0],[1,1,1],[1,1,1],[0,0,0],[0,0,0],[0,0,0],[0,0,0],[1,1,1],[1,1,1],[0,0,0],[0,0,0],[0,0,0],[0,0,0],[1,1,1],[1,1,1],[0,0,0],[0,0,0],[0,0,0]]","[[[8.0,2.0],[4.0,4.0]],[[2.0,9.0],[6.0,5.0]],[[6.0,7.0],[9.0,5.0]]]"
figure_8,inconsistent_no_tail,3,47,308042000005,motif_repeat_swapmask,6,0,False,True,True,False,"[[0,1],[0,1],[0,1]]","[[1,0,0],[1,0,0],[0,0,0],[0,1,1],[0,1,1],[0,0,0]]","[[1,0,0],[1,0,0],[0,0,0],[0,1,1],[0,1,1],[0,0,0],[1,0,0],[1,0,0],[0,0,0],[0,1,1],[0,1,1],[0,0,0],[1,0,0],[1,0,0],[0,0,0],[0,1,1],[0,1,1],[0,0,0],[1,0,0],[1,0,0],[0,0,0],[0,1,1],[0,1,1],[0,0,0],[1,0,0],[1,0,0],[0,0,0],[0,1,1],[0,1,1],[0,0,0],[1,0,0],[1,0,0],[0,0,0],[0,1,1],[0,1,1],[0,0,0],[1,0,0],[1,0,0],[0,0,0],[0,1,1],[0,1,1],[0,0,0],[1,0,0],[1,0,0],[0,0,0],[0,1,1],[0,1,1],[0,0,0],[1,0,0],[1,0,0],[0,0,0],[0,1,1],[0,1,1],[0,0,0],[1,0,0],[1,0,0],[0,0,0],[0,1,1],[0,1,1],[0,0,0],[1,0,0],[1,0,0],[0,0,0],[0,1,1],[0,1,1],[0,0,0],[1,0,0],[1,0,0],[0,0,0],[0,1,1],[0,1,1],[0,0,0],[1,0,0],[1,0,0],[0,0,0],[0,1,1],[0,1,1],[0,0,0],[1,0,0],[1,0,0],[0,0,0],[0,1,1],[0,1,1],[0,0,0],[1,0,0],[1,0,0],[0,0,0],[0,1,1],[0,1,1],[0,0,0],[1,0,0],[1,0,0],[0,0,0],[0,1,1],[0,1,1],[0,0,0],[1,0,0],[1,0,0],[0,0,0],[0,1,1],[0,1,1],[0,0,0],[1,0,0],[1,0,0],[0,0,0],[0,1,1],[0,1,1],[0,0,0],[1,0,0],[1,0,0],[0,0,0],[0,1,1],[0,1,1],[0,0,0],[1,0,0],[1,0,0],[0,0,0],[0,1,1],[0,1,1],[0,0,0],[1,0,0],[1,0,0],[0,0,0],[0,1,1],[0,1,1],[0,0,0],[1,0,0],[1,0,0],[0,0,0],[0,1,1],[0,1,1],[0,0,0],[1,0,0],[1,0,0],[0,0,0],[0,1,1],[0,1,1],[0,0,0],[1,0,0],[1,0,0]]","[[[4.0,4.0],[8.0,2.0]],[[2.0,9.0],[6.0,5.0]],[[7.0,6.0],[5.0,9.0]]]"
figure_8,inconsistent_no_tail,3,48,308042000006,motif_repeat_swapmask,6,0,False,True,True,False,"[[0,1],[0,1],[0,1]]","[[0,1,0],[0,1,0],[0,0,0],[1,0,1],[1,0,1],[0,0,0]]","[[0,1,0],[0,1,0],[0,0,0],[1,0,1],[1,0,1],[0,0,0],[0,1,0],[0,1,0],[0,0,0],[1,0,1],[1,0,1],[0,0,0],[0,1,0],[0,1,0],[0,0,0],[1,0,1],[1,0,1],[0,0,0],[0,1,0],[0,1,0],[0,0,0],[1,0,1],[1,0,1],[0,0,0],[0,1,0],[0,1,0],[0,0,0],[1,0,1],[1,0,1],[0,0,0],[0,1,0],[0,1,0],[0,0,0],[1,0,1],[1,0,1],[0,0,0],[0,1,0],[0,1,0],[0,0,0],[1,0,1],[1,0,1],[0,0,0],[0,1,0],[0,1,0],[0,0,0],[1,0,1],[1,0,1],[0,0,0],[0,1,0],[0,1,0],[0,0,0],[1,0,1],[1,0,1],[0,0,0],[0,1,0],[0,1,0],[0,0,0],[1,0,1],[1,0,1],[0,0,0],[0,1,0],[0,1,0],[0,0,0],[1,0,1],[1,0,1],[0,0,0],[0,1,0],[0,1,0],[0,0,0],[1,0,1],[1,0,1],[0,0,0],[0,1,0],[0,1,0],[0,0,0],[1,0,1],[1,0,1],[0,0,0],[0,1,0],[0,1,0],[0,0,0],[1,0,1],[1,0,1],[0,0,0],[0,1,0],[0,1,0],[0,0,0],[1,0,1],[1,0,1],[0,0,0],[0,1,0],[0,1,0],[0,0,0],[1,0,1],[1,0,1],[0,0,0],[0,1,0],[0,1,0],[0,0,0],[1,0,1],[1,0,1],[0,0,0],[0,1,0],[0,1,0],[0,0,0],[1,0,1],[1,0,1],[0,0,0],[0,1,0],[0,1,0],[0,0,0],[1,0,1],[1,0,1],[0,0,0],[0,1,0],[0,1,0],[0,0,0],[1,0,1],[1,0,1],[0,0,0],[0,1,0],[0,1,0],[0,0,0],[1,0,1],[1,0,1],[0,0,0],[0,1,0],[0,1,0],[0,0,0],[1,0,1],[1,0,1],[0,0,0],[0,1,0],[0,1,0],[0,0,0],[1,0,1],[1,0,1],[0,0,0],[0,1,0],[0,1,0]]","[[[2.0,8.0],[4.0,4.0]],[[6.0,5.0],[2.0,9.0]],[[6.0,7.0],[9.0,5.0]]]"
figure_8,inconsistent_no_tail,3,49,308042000007,motif_repeat_swapmask,6,0,False,True,True,False,"[[0,1],[0,1],[0,1]]","[[1,1,0],[1,1,0],[0,0,0],[0,0,1],[0,0,1],[0,0,0]]","[[1,1,0],[1,1,0],[0,0,0],[0,0,1],[0,0,1],[0,0,0],[1,1,0],[1,1,0],[0,0,0],[0,0,1],[0,0,1],[0,0,0],[1,1,0],[1,1,0],[0,0,0],[0,0,1],[0,0,1],[0,0,0],[1,1,0],[1,1,0],[0,0,0],[0,0,1],[0,0,1],[0,0,0],[1,1,0],[1,1,0],[0,0,0],[0,0,1],[0,0,1],[0,0,0],[1,1,0],[1,1,0],[0,0,0],[0,0,1],[0,0,1],[0,0,0],[1,1,0],[1,1,0],[0,0,0],[0,0,1],[0,0,1],[0,0,0],[1,1,0],[1,1,0],[0,0,0],[0,0,1],[0,0,1],[0,0,0],[1,1,0],[1,1,0],[0,0,0],[0,0,1],[0,0,1],[0,0,0],[1,1,0],[1,1,0],[0,0,0],[0,0,1],[0,0,1],[0,0,0],[1,1,0],[1,1,0],[0,0,0],[0,0,1],[0,0,1],[0,0,0],[1,1,0],[1,1,0],[0,0,0],[0,0,1],[0,0,1],[0,0,0],[1,1,0],[1,1,0],[0,0,0],[0,0,1],[0,0,1],[0,0,0],[1,1,0],[1,1,0],[0,0,0],[0,0,1],[0,0,1],[0,0,0],[1,1,0],[1,1,0],[0,0,0],[0,0,1],[0,0,1],[0,0,0],[1,1,0],[1,1,0],[0,0,0],[0,0,1],[0,0,1],[0,0,0],[1,1,0],[1,1,0],[0,0,0],[0,0,1],[0,0,1],[0,0,0],[1,1,0],[1,1,0],[0,0,0],[0,0,1],[0,0,1],[0,0,0],[1,1,0],[1,1,0],[0,0,0],[0,0,1],[0,0,1],[0,0,0],[1,1,0],[1,1,0],[0,0,0],[0,0,1],[0,0,1],[0,0,0],[1,1,0],[1,1,0],[0,0,0],[0,0,1],[0,0,1],[0,0,0],[1,1,0],[1,1,0],[0,0,0],[0,0,1],[0,0,1],[0,0,0],[1,1,0],[1,1,0],[0,0,0],[0,0,1],[0,0,1],[0,0,0],[1,1,0],[1,1,0]]","[[[4.0,4.0],[2.0,8.0]],[[6.0,5.0],[2.0,9.0]],[[7.0,6.0],[5.0,9.0]]]"
