variant_idx,pct_random,engine,iteration,cost
10,99,DampingEngine,0,80182.0
10,99,DampingEngine,1,79211.0
10,99,DampingEngine,2,78453.0
10,99,DampingEngine,3,77438.0
10,99,DampingEngine,4,77706.0
10,99,DampingEngine,5,77876.0
10,99,DampingEngine,6,76573.0
10,99,DampingEngine,7,76807.0
10,99,DampingEngine,8,76392.0
10,99,DampingEngine,9,75948.0
10,99,DampingEngine,10,76011.0
10,99,DampingEngine,11,76468.0
10,99,DampingEngine,12,76440.0
10,99,DampingEngine,13,76921.0
10,99,DampingEngine,14,76689.0
10,99,DampingEngine,15,76578.0
10,99,DampingEngine,16,76663.0
10,99,DampingEngine,17,76008.0
10,99,DampingEngine,18,76172.0
10,99,DampingEngine,19,76448.0
10,99,DampingEngine,20,76979.0
10,99,DampingEngine,21,76905.0
10,99,DampingEngine,22,76986.0
10,99,DampingEngine,23,77650.0
10,99,DampingEngine,24,77059.0
10,99,DampingEngine,25,76548.0
10,99,DampingEngine,26,76155.0
10,99,DampingEngine,27,76289.0
10,99,DampingEngine,28,75993.0
10,99,DampingEngine,29,75662.0
10,99,DampingEngine,30,75662.0
10,99,DampingEngine,31,75544.0
10,99,DampingEngine,32,75352.0
10,99,DampingEngine,33,75156.0
10,99,DampingEngine,34,75216.0
10,99,DampingEngine,35,75216.0
10,99,DampingEngine,36,75649.0
10,99,DampingEngine,37,75788.0
10,99,DampingEngine,38,75779.0
10,99,DampingEngine,39,75659.0
10,99,DampingEngine,40,76048.0
10,99,DampingEngine,41,76318.0
10,99,DampingEngine,42,77044.0
10,99,DampingEngine,43,77365.0
10,99,DampingEngine,44,78309.0
10,99,DampingEngine,45,77816.0
10,99,DampingEngine,46,78221.0
10,99,DampingEngine,47,77984.0
10,99,DampingEngine,48,78198.0
10,99,DampingEngine,49,78666.0
10,99,DampingEngine,50,78144.0
10,99,DampingEngine,51,77667.0
10,99,DampingEngine,52,77898.0
10,99,DampingEngine,53,77988.0
10,99,DampingEngine,54,77544.0
10,99,DampingEngine,55,77484.0
10,99,DampingEngine,56,77848.0
10,99,DampingEngine,57,78826.0
10,99,DampingEngine,58,77176.0
10,99,DampingEngine,59,76606.0
10,99,DampingEngine,60,76133.0
10,99,DampingEngine,61,77359.0
10,99,DampingEngine,62,76999.0
10,99,DampingEngine,63,76811.0
10,99,DampingEngine,64,76172.0
10,99,DampingEngine,65,76148.0
10,99,DampingEngine,66,76225.0
10,99,DampingEngine,67,76056.0
10,99,DampingEngine,68,75941.0
10,99,DampingEngine,69,76095.0
10,99,DampingEngine,70,76179.0
10,99,DampingEngine,71,76233.0
10,99,DampingEngine,72,76161.0
10,99,DampingEngine,73,76293.0
10,99,DampingEngine,74,75932.0
10,99,DampingEngine,75,75932.0
10,99,DampingEngine,76,75927.0
10,99,DampingEngine,77,75894.0
10,99,DampingEngine,78,76492.0
10,99,DampingEngine,79,76431.0
10,99,DampingEngine,80,76199.0
10,99,DampingEngine,81,75654.0
10,99,DampingEngine,82,75654.0
10,99,DampingEngine,83,75483.0
10,99,DampingEngine,84,75475.0
10,99,DampingEngine,85,75513.0
10,99,DampingEngine,86,75513.0
10,99,DampingEngine,87,75443.0
10,99,DampingEngine,88,75443.0
10,99,DampingEngine,89,75577.0
10,99,DampingEngine,90,75577.0
10,99,DampingEngine,91,75919.0
10,99,DampingEngine,92,75919.0
10,99,DampingEngine,93,75919.0
10,99,DampingEngine,94,75989.0
10,99,DampingEngine,95,75989.0
10,99,DampingEngine,96,75989.0
10,99,DampingEngine,97,75989.0
10,99,DampingEngine,98,76137.0
10,99,DampingEngine,99,75904.0
10,99,DampingEngine,100,75808.0
10,99,DampingEngine,101,75841.0
10,99,DampingEngine,102,77210.0
10,99,DampingEngine,103,77425.0
10,99,DampingEngine,104,77543.0
10,99,DampingEngine,105,77350.0
10,99,DampingEngine,106,77887.0
10,99,DampingEngine,107,78258.0
10,99,DampingEngine,108,78515.0
10,99,DampingEngine,109,78496.0
10,99,DampingEngine,110,79245.0
10,99,DampingEngine,111,78336.0
10,99,DampingEngine,112,78768.0
10,99,DampingEngine,113,79001.0
10,99,DampingEngine,114,79125.0
10,99,DampingEngine,115,77490.0
10,99,DampingEngine,116,77160.0
10,99,DampingEngine,117,76985.0
10,99,DampingEngine,118,76834.0
10,99,DampingEngine,119,76922.0
10,99,DampingEngine,120,76292.0
10,99,DampingEngine,121,76317.0
10,99,DampingEngine,122,76769.0
10,99,DampingEngine,123,76769.0
10,99,DampingEngine,124,76376.0
10,99,DampingEngine,125,77126.0
10,99,DampingEngine,126,76717.0
10,99,DampingEngine,127,76250.0
10,99,DampingEngine,128,76229.0
10,99,DampingEngine,129,76417.0
10,99,DampingEngine,130,76474.0
10,99,DampingEngine,131,76133.0
10,99,DampingEngine,132,76170.0
10,99,DampingEngine,133,76593.0
10,99,DampingEngine,134,76657.0
10,99,DampingEngine,135,76169.0
10,99,DampingEngine,136,76389.0
10,99,DampingEngine,137,76269.0
10,99,DampingEngine,138,76505.0
10,99,DampingEngine,139,76604.0
10,99,DampingEngine,140,76995.0
10,99,DampingEngine,141,76880.0
10,99,DampingEngine,142,76878.0
10,99,DampingEngine,143,76928.0
10,99,DampingEngine,144,75534.0
10,99,DampingEngine,145,76020.0
10,99,DampingEngine,146,75991.0
10,99,DampingEngine,147,75652.0
10,99,DampingEngine,148,75449.0
10,99,DampingEngine,149,75761.0
10,99,DampingEngine,150,75761.0
10,99,DampingEngine,151,75754.0
10,99,DampingEngine,152,75867.0
10,99,DampingEngine,153,75892.0
10,99,DampingEngine,154,75892.0
10,99,DampingEngine,155,75892.0
10,99,DampingEngine,156,75884.0
10,99,DampingEngine,157,76025.0
10,99,DampingEngine,158,76025.0
10,99,DampingEngine,159,76025.0
10,99,DampingEngine,160,75924.0
10,99,DampingEngine,161,75769.0
10,99,DampingEngine,162,75770.0
10,99,DampingEngine,163,75770.0
10,99,DampingEngine,164,75770.0
10,99,DampingEngine,165,76011.0
10,99,DampingEngine,166,76028.0
10,99,DampingEngine,167,76133.0
10,99,DampingEngine,168,76452.0
10,99,DampingEngine,169,76423.0
10,99,DampingEngine,170,76543.0
10,99,DampingEngine,171,76946.0
10,99,DampingEngine,172,77501.0
10,99,DampingEngine,173,78189.0
10,99,DampingEngine,174,78262.0
10,99,DampingEngine,175,78204.0
10,99,DampingEngine,176,77942.0
10,99,DampingEngine,177,77093.0
10,99,DampingEngine,178,76580.0
10,99,DampingEngine,179,76561.0
10,99,DampingEngine,180,76600.0
10,99,DampingEngine,181,76721.0
10,99,DampingEngine,182,76764.0
10,99,DampingEngine,183,76934.0
10,99,DampingEngine,184,76934.0
10,99,DampingEngine,185,77290.0
10,99,DampingEngine,186,77989.0
10,99,DampingEngine,187,78139.0
10,99,DampingEngine,188,77633.0
10,99,DampingEngine,189,77930.0
10,99,DampingEngine,190,77106.0
10,99,DampingEngine,191,77901.0
10,99,DampingEngine,192,78048.0
10,99,DampingEngine,193,77563.0
10,99,DampingEngine,194,77548.0
10,99,DampingEngine,195,77548.0
10,99,DampingEngine,196,76388.0
10,99,DampingEngine,197,75480.0
10,99,DampingEngine,198,75234.0
10,99,DampingEngine,199,75499.0
10,99,DampingEngine,200,75541.0
10,99,DampingEngine,201,75564.0
10,99,DampingEngine,202,75500.0
10,99,DampingEngine,203,75500.0
10,99,DampingEngine,204,75235.0
10,99,DampingEngine,205,74979.0
10,99,DampingEngine,206,75002.0
10,99,DampingEngine,207,75002.0
10,99,DampingEngine,208,75065.0
10,99,DampingEngine,209,75066.0
10,99,DampingEngine,210,75066.0
10,99,DampingEngine,211,75066.0
10,99,DampingEngine,212,74960.0
10,99,DampingEngine,213,74960.0
10,99,DampingEngine,214,74960.0
10,99,DampingEngine,215,75034.0
10,99,DampingEngine,216,75034.0
10,99,DampingEngine,217,75034.0
10,99,DampingEngine,218,75034.0
10,99,DampingEngine,219,75313.0
10,99,DampingEngine,220,75313.0
10,99,DampingEngine,221,75313.0
10,99,DampingEngine,222,75443.0
10,99,DampingEngine,223,75443.0
10,99,DampingEngine,224,75424.0
10,99,DampingEngine,225,75525.0
10,99,DampingEngine,226,75324.0
10,99,DampingEngine,227,75973.0
10,99,DampingEngine,228,75590.0
10,99,DampingEngine,229,75593.0
10,99,DampingEngine,230,75593.0
10,99,DampingEngine,231,76186.0
10,99,DampingEngine,232,76021.0
10,99,DampingEngine,233,75668.0
10,99,DampingEngine,234,76486.0
10,99,DampingEngine,235,76413.0
10,99,DampingEngine,236,77093.0
10,99,DampingEngine,237,76736.0
10,99,DampingEngine,238,76485.0
10,99,DampingEngine,239,75616.0
10,99,DampingEngine,240,75641.0
10,99,DampingEngine,241,75614.0
10,99,DampingEngine,242,75979.0
10,99,DampingEngine,243,76288.0
10,99,DampingEngine,244,76214.0
10,99,DampingEngine,245,76470.0
10,99,DampingEngine,246,76624.0
10,99,DampingEngine,247,76624.0
10,99,DampingEngine,248,77082.0
10,99,DampingEngine,249,76822.0
10,99,DampingEngine,250,76616.0
10,99,DampingEngine,251,76616.0
10,99,DampingEngine,252,77295.0
10,99,DampingEngine,253,77829.0
10,99,DampingEngine,254,78145.0
10,99,DampingEngine,255,78839.0
10,99,DampingEngine,256,78620.0
10,99,DampingEngine,257,78374.0
10,99,DampingEngine,258,78446.0
10,99,DampingEngine,259,79057.0
10,99,DampingEngine,260,78680.0
10,99,DampingEngine,261,78162.0
10,99,DampingEngine,262,78437.0
10,99,DampingEngine,263,78544.0
10,99,DampingEngine,264,78682.0
10,99,DampingEngine,265,78976.0
10,99,DampingEngine,266,78987.0
10,99,DampingEngine,267,80159.0
10,99,DampingEngine,268,80751.0
10,99,DampingEngine,269,80698.0
10,99,DampingEngine,270,80401.0
10,99,DampingEngine,271,79530.0
10,99,DampingEngine,272,79285.0
10,99,DampingEngine,273,79929.0
10,99,DampingEngine,274,79365.0
10,99,DampingEngine,275,80413.0
10,99,DampingEngine,276,79981.0
10,99,DampingEngine,277,79999.0
10,99,DampingEngine,278,79107.0
10,99,DampingEngine,279,79578.0
10,99,DampingEngine,280,79716.0
10,99,DampingEngine,281,79334.0
10,99,DampingEngine,282,78624.0
10,99,DampingEngine,283,78634.0
10,99,DampingEngine,284,79545.0
10,99,DampingEngine,285,79558.0
10,99,DampingEngine,286,78543.0
10,99,DampingEngine,287,77808.0
10,99,DampingEngine,288,77663.0
10,99,DampingEngine,289,77295.0
10,99,DampingEngine,290,76923.0
10,99,DampingEngine,291,76710.0
10,99,DampingEngine,292,76836.0
10,99,DampingEngine,293,77054.0
10,99,DampingEngine,294,76745.0
10,99,DampingEngine,295,76488.0
10,99,DampingEngine,296,76488.0
10,99,DampingEngine,297,76332.0
10,99,DampingEngine,298,76667.0
10,99,DampingEngine,299,76791.0
10,99,DampingEngine,300,76712.0
10,99,DampingEngine,301,76571.0
10,99,DampingEngine,302,76571.0
10,99,DampingEngine,303,76327.0
10,99,DampingEngine,304,76349.0
10,99,DampingEngine,305,76349.0
10,99,DampingEngine,306,76633.0
10,99,DampingEngine,307,76856.0
10,99,DampingEngine,308,76948.0
10,99,DampingEngine,309,76839.0
10,99,DampingEngine,310,76516.0
10,99,DampingEngine,311,76647.0
10,99,DampingEngine,312,77399.0
10,99,DampingEngine,313,77757.0
10,99,DampingEngine,314,77621.0
10,99,DampingEngine,315,78058.0
10,99,DampingEngine,316,77368.0
10,99,DampingEngine,317,76218.0
10,99,DampingEngine,318,76823.0
10,99,DampingEngine,319,76974.0
10,99,DampingEngine,320,76935.0
10,99,DampingEngine,321,76618.0
10,99,DampingEngine,322,76250.0
10,99,DampingEngine,323,76378.0
10,99,DampingEngine,324,76306.0
10,99,DampingEngine,325,76313.0
10,99,DampingEngine,326,75988.0
10,99,DampingEngine,327,75993.0
10,99,DampingEngine,328,76022.0
10,99,DampingEngine,329,76022.0
10,99,DampingEngine,330,75703.0
10,99,DampingEngine,331,75454.0
10,99,DampingEngine,332,75560.0
10,99,DampingEngine,333,75722.0
10,99,DampingEngine,334,76111.0
10,99,DampingEngine,335,75995.0
10,99,DampingEngine,336,76001.0
10,99,DampingEngine,337,76108.0
10,99,DampingEngine,338,77005.0
10,99,DampingEngine,339,77277.0
10,99,DampingEngine,340,77581.0
10,99,DampingEngine,341,77193.0
10,99,DampingEngine,342,77769.0
10,99,DampingEngine,343,77205.0
10,99,DampingEngine,344,77080.0
10,99,DampingEngine,345,76053.0
10,99,DampingEngine,346,76209.0
10,99,DampingEngine,347,75907.0
10,99,DampingEngine,348,75429.0
10,99,DampingEngine,349,75986.0
10,99,DampingEngine,350,75611.0
10,99,DampingEngine,351,75881.0
10,99,DampingEngine,352,76013.0
10,99,DampingEngine,353,75884.0
10,99,DampingEngine,354,75818.0
10,99,DampingEngine,355,75424.0
10,99,DampingEngine,356,75424.0
10,99,DampingEngine,357,75505.0
10,99,DampingEngine,358,75505.0
10,99,DampingEngine,359,75417.0
10,99,DampingEngine,360,75040.0
10,99,DampingEngine,361,75040.0
10,99,DampingEngine,362,75040.0
10,99,DampingEngine,363,75040.0
10,99,DampingEngine,364,75128.0
10,99,DampingEngine,365,75199.0
10,99,DampingEngine,366,75199.0
10,99,DampingEngine,367,75199.0
10,99,DampingEngine,368,75199.0
10,99,DampingEngine,369,75199.0
10,99,DampingEngine,370,75199.0
10,99,DampingEngine,371,75199.0
10,99,DampingEngine,372,75371.0
10,99,DampingEngine,373,75371.0
10,99,DampingEngine,374,75626.0
10,99,DampingEngine,375,75626.0
10,99,DampingEngine,376,75626.0
10,99,DampingEngine,377,76148.0
10,99,DampingEngine,378,76304.0
10,99,DampingEngine,379,76285.0
10,99,DampingEngine,380,76191.0
10,99,DampingEngine,381,76719.0
10,99,DampingEngine,382,76666.0
10,99,DampingEngine,383,77132.0
10,99,DampingEngine,384,77898.0
10,99,DampingEngine,385,78099.0
10,99,DampingEngine,386,77943.0
10,99,DampingEngine,387,78863.0
10,99,DampingEngine,388,78668.0
10,99,DampingEngine,389,78552.0
10,99,DampingEngine,390,78852.0
10,99,DampingEngine,391,79186.0
10,99,DampingEngine,392,79814.0
10,99,DampingEngine,393,80475.0
10,99,DampingEngine,394,79454.0
10,99,DampingEngine,395,79174.0
10,99,DampingEngine,396,78449.0
10,99,DampingEngine,397,78916.0
10,99,DampingEngine,398,79582.0
10,99,DampingEngine,399,78746.0
10,99,DampingEngine,400,78161.0
10,99,DampingEngine,401,78468.0
10,99,DampingEngine,402,78141.0
10,99,DampingEngine,403,78021.0
10,99,DampingEngine,404,77866.0
10,99,DampingEngine,405,77998.0
10,99,DampingEngine,406,77646.0
10,99,DampingEngine,407,77989.0
10,99,DampingEngine,408,79032.0
10,99,DampingEngine,409,78663.0
10,99,DampingEngine,410,77381.0
10,99,DampingEngine,411,77242.0
10,99,DampingEngine,412,77888.0
10,99,DampingEngine,413,77905.0
10,99,DampingEngine,414,78094.0
10,99,DampingEngine,415,77909.0
10,99,DampingEngine,416,78002.0
10,99,DampingEngine,417,77098.0
10,99,DampingEngine,418,77223.0
10,99,DampingEngine,419,76848.0
10,99,DampingEngine,420,76202.0
10,99,DampingEngine,421,75793.0
10,99,DampingEngine,422,76009.0
10,99,DampingEngine,423,76466.0
10,99,DampingEngine,424,76472.0
10,99,DampingEngine,425,76285.0
10,99,DampingEngine,426,76515.0
10,99,DampingEngine,427,76384.0
10,99,DampingEngine,428,75605.0
10,99,DampingEngine,429,75605.0
10,99,DampingEngine,430,75662.0
10,99,DampingEngine,431,75883.0
10,99,DampingEngine,432,76084.0
10,99,DampingEngine,433,76247.0
10,99,DampingEngine,434,76743.0
10,99,DampingEngine,435,76950.0
10,99,DampingEngine,436,77306.0
10,99,DampingEngine,437,77698.0
10,99,DampingEngine,438,78371.0
10,99,DampingEngine,439,77982.0
10,99,DampingEngine,440,78127.0
10,99,DampingEngine,441,78330.0
10,99,DampingEngine,442,78784.0
10,99,DampingEngine,443,78206.0
10,99,DampingEngine,444,78496.0
10,99,DampingEngine,445,79249.0
10,99,DampingEngine,446,79472.0
10,99,DampingEngine,447,80418.0
10,99,DampingEngine,448,79802.0
10,99,DampingEngine,449,80087.0
10,99,DampingEngine,450,79433.0
10,99,DampingEngine,451,79060.0
10,99,DampingEngine,452,79279.0
10,99,DampingEngine,453,79720.0
10,99,DampingEngine,454,78102.0
10,99,DampingEngine,455,78481.0
10,99,DampingEngine,456,78305.0
10,99,DampingEngine,457,78813.0
10,99,DampingEngine,458,79131.0
10,99,DampingEngine,459,78816.0
10,99,DampingEngine,460,79027.0
10,99,DampingEngine,461,78977.0
10,99,DampingEngine,462,78934.0
10,99,DampingEngine,463,79819.0
10,99,DampingEngine,464,79849.0
10,99,DampingEngine,465,79655.0
10,99,DampingEngine,466,80032.0
10,99,DampingEngine,467,79546.0
10,99,DampingEngine,468,78836.0
10,99,DampingEngine,469,78708.0
10,99,DampingEngine,470,79790.0
10,99,DampingEngine,471,79146.0
10,99,DampingEngine,472,79166.0
10,99,DampingEngine,473,79397.0
10,99,DampingEngine,474,79054.0
10,99,DampingEngine,475,78761.0
10,99,DampingEngine,476,78703.0
10,99,DampingEngine,477,77149.0
10,99,DampingEngine,478,78369.0
10,99,DampingEngine,479,78707.0
10,99,DampingEngine,480,78382.0
10,99,DampingEngine,481,77658.0
10,99,DampingEngine,482,77299.0
10,99,DampingEngine,483,77860.0
10,99,DampingEngine,484,77501.0
10,99,DampingEngine,485,77074.0
10,99,DampingEngine,486,77277.0
10,99,DampingEngine,487,77460.0
10,99,DampingEngine,488,77450.0
10,99,DampingEngine,489,77963.0
10,99,DampingEngine,490,77356.0
10,99,DampingEngine,491,78667.0
10,99,DampingEngine,492,76983.0
10,99,DampingEngine,493,77127.0
10,99,DampingEngine,494,77306.0
10,99,DampingEngine,495,77165.0
10,99,DampingEngine,496,77837.0
10,99,DampingEngine,497,78573.0
10,99,DampingEngine,498,78226.0
10,99,DampingEngine,499,77421.0
10,99,DampingEngine,500,77437.0
10,99,DampingEngine,501,77329.0
10,99,DampingEngine,502,77317.0
10,99,DampingEngine,503,76328.0
10,99,DampingEngine,504,77263.0
10,99,DampingEngine,505,77170.0
10,99,DampingEngine,506,77456.0
10,99,DampingEngine,507,77682.0
10,99,DampingEngine,508,76868.0
10,99,DampingEngine,509,76633.0
10,99,DampingEngine,510,76973.0
10,99,DampingEngine,511,76010.0
10,99,DampingEngine,512,76304.0
10,99,DampingEngine,513,76304.0
10,99,DampingEngine,514,76236.0
10,99,DampingEngine,515,76175.0
10,99,DampingEngine,516,75970.0
10,99,DampingEngine,517,75989.0
10,99,DampingEngine,518,77364.0
10,99,DampingEngine,519,77007.0
10,99,DampingEngine,520,76920.0
10,99,DampingEngine,521,76543.0
10,99,DampingEngine,522,76407.0
10,99,DampingEngine,523,76183.0
10,99,DampingEngine,524,75829.0
10,99,DampingEngine,525,76078.0
10,99,DampingEngine,526,76183.0
10,99,DampingEngine,527,75809.0
10,99,DampingEngine,528,75589.0
10,99,DampingEngine,529,75849.0
10,99,DampingEngine,530,75620.0
10,99,DampingEngine,531,75620.0
10,99,DampingEngine,532,75683.0
10,99,DampingEngine,533,75361.0
10,99,DampingEngine,534,75384.0
10,99,DampingEngine,535,75384.0
10,99,DampingEngine,536,75384.0
10,99,DampingEngine,537,75384.0
10,99,DampingEngine,538,75452.0
10,99,DampingEngine,539,75600.0
10,99,DampingEngine,540,75563.0
10,99,DampingEngine,541,75526.0
10,99,DampingEngine,542,75588.0
10,99,DampingEngine,543,75588.0
10,99,DampingEngine,544,75514.0
10,99,DampingEngine,545,75514.0
10,99,DampingEngine,546,75647.0
10,99,DampingEngine,547,75741.0
10,99,DampingEngine,548,75532.0
10,99,DampingEngine,549,75482.0
10,99,DampingEngine,550,75479.0
10,99,DampingEngine,551,75221.0
10,99,DampingEngine,552,75221.0
10,99,DampingEngine,553,75221.0
10,99,DampingEngine,554,75345.0
10,99,DampingEngine,555,75293.0
10,99,DampingEngine,556,75293.0
10,99,DampingEngine,557,75176.0
10,99,DampingEngine,558,75265.0
10,99,DampingEngine,559,75185.0
10,99,DampingEngine,560,75140.0
10,99,DampingEngine,561,75547.0
10,99,DampingEngine,562,76085.0
10,99,DampingEngine,563,76555.0
10,99,DampingEngine,564,76712.0
10,99,DampingEngine,565,76608.0
10,99,DampingEngine,566,76707.0
10,99,DampingEngine,567,78727.0
10,99,DampingEngine,568,77557.0
10,99,DampingEngine,569,77040.0
10,99,DampingEngine,570,76720.0
10,99,DampingEngine,571,76710.0
10,99,DampingEngine,572,77306.0
10,99,DampingEngine,573,76983.0
10,99,DampingEngine,574,76794.0
10,99,DampingEngine,575,76431.0
10,99,DampingEngine,576,76659.0
10,99,DampingEngine,577,76908.0
10,99,DampingEngine,578,76614.0
10,99,DampingEngine,579,76825.0
10,99,DampingEngine,580,75883.0
10,99,DampingEngine,581,75713.0
10,99,DampingEngine,582,75873.0
10,99,DampingEngine,583,76204.0
10,99,DampingEngine,584,75500.0
10,99,DampingEngine,585,75252.0
10,99,DampingEngine,586,75252.0
10,99,DampingEngine,587,75220.0
10,99,DampingEngine,588,75580.0
10,99,DampingEngine,589,75453.0
10,99,DampingEngine,590,75822.0
10,99,DampingEngine,591,75822.0
10,99,DampingEngine,592,75822.0
10,99,DampingEngine,593,76184.0
10,99,DampingEngine,594,76184.0
10,99,DampingEngine,595,76184.0
10,99,DampingEngine,596,76358.0
10,99,DampingEngine,597,76358.0
10,99,DampingEngine,598,76068.0
10,99,DampingEngine,599,76235.0
10,99,DampingEngine,600,76056.0
10,99,DampingEngine,601,76056.0
10,99,DampingEngine,602,76056.0
10,99,DampingEngine,603,76326.0
10,99,DampingEngine,604,75967.0
10,99,DampingEngine,605,75967.0
10,99,DampingEngine,606,75713.0
10,99,DampingEngine,607,75713.0
10,99,DampingEngine,608,75719.0
10,99,DampingEngine,609,75817.0
10,99,DampingEngine,610,75817.0
10,99,DampingEngine,611,75817.0
10,99,DampingEngine,612,75757.0
10,99,DampingEngine,613,75757.0
10,99,DampingEngine,614,76052.0
10,99,DampingEngine,615,76052.0
10,99,DampingEngine,616,76213.0
10,99,DampingEngine,617,75838.0
10,99,DampingEngine,618,75838.0
10,99,DampingEngine,619,75727.0
10,99,DampingEngine,620,75727.0
10,99,DampingEngine,621,75938.0
10,99,DampingEngine,622,75938.0
10,99,DampingEngine,623,75860.0
10,99,DampingEngine,624,75859.0
10,99,DampingEngine,625,75588.0
10,99,DampingEngine,626,75588.0
10,99,DampingEngine,627,75588.0
10,99,DampingEngine,628,75640.0
10,99,DampingEngine,629,75861.0
10,99,DampingEngine,630,75909.0
10,99,DampingEngine,631,76288.0
10,99,DampingEngine,632,76470.0
10,99,DampingEngine,633,76470.0
10,99,DampingEngine,634,76659.0
10,99,DampingEngine,635,77229.0
10,99,DampingEngine,636,78023.0
10,99,DampingEngine,637,79206.0
10,99,DampingEngine,638,79118.0
10,99,DampingEngine,639,79312.0
10,99,DampingEngine,640,78396.0
10,99,DampingEngine,641,78274.0
10,99,DampingEngine,642,77434.0
10,99,DampingEngine,643,76905.0
10,99,DampingEngine,644,76482.0
10,99,DampingEngine,645,76482.0
10,99,DampingEngine,646,76014.0
10,99,DampingEngine,647,75440.0
10,99,DampingEngine,648,75602.0
10,99,DampingEngine,649,75602.0
10,99,DampingEngine,650,75643.0
10,99,DampingEngine,651,75493.0
10,99,DampingEngine,652,75490.0
10,99,DampingEngine,653,75577.0
10,99,DampingEngine,654,75577.0
10,99,DampingEngine,655,75614.0
10,99,DampingEngine,656,75614.0
10,99,DampingEngine,657,75556.0
10,99,DampingEngine,658,75572.0
10,99,DampingEngine,659,75572.0
10,99,DampingEngine,660,75572.0
10,99,DampingEngine,661,75671.0
10,99,DampingEngine,662,75625.0
10,99,DampingEngine,663,76944.0
10,99,DampingEngine,664,77225.0
10,99,DampingEngine,665,78131.0
10,99,DampingEngine,666,78281.0
10,99,DampingEngine,667,77861.0
10,99,DampingEngine,668,78008.0
10,99,DampingEngine,669,77459.0
10,99,DampingEngine,670,78216.0
10,99,DampingEngine,671,77160.0
10,99,DampingEngine,672,76698.0
10,99,DampingEngine,673,77244.0
10,99,DampingEngine,674,77938.0
10,99,DampingEngine,675,78484.0
10,99,DampingEngine,676,78350.0
10,99,DampingEngine,677,77734.0
10,99,DampingEngine,678,77212.0
10,99,DampingEngine,679,77587.0
10,99,DampingEngine,680,77148.0
10,99,DampingEngine,681,77158.0
10,99,DampingEngine,682,78295.0
10,99,DampingEngine,683,79067.0
10,99,DampingEngine,684,78397.0
10,99,DampingEngine,685,78542.0
10,99,DampingEngine,686,78935.0
10,99,DampingEngine,687,78910.0
10,99,DampingEngine,688,79335.0
10,99,DampingEngine,689,79320.0
10,99,DampingEngine,690,79607.0
10,99,DampingEngine,691,78944.0
10,99,DampingEngine,692,79143.0
10,99,DampingEngine,693,78239.0
10,99,DampingEngine,694,77413.0
10,99,DampingEngine,695,77422.0
10,99,DampingEngine,696,77421.0
10,99,DampingEngine,697,78507.0
10,99,DampingEngine,698,78381.0
10,99,DampingEngine,699,78152.0
10,99,DampingEngine,700,77816.0
10,99,DampingEngine,701,77575.0
10,99,DampingEngine,702,77080.0
10,99,DampingEngine,703,76875.0
10,99,DampingEngine,704,76767.0
10,99,DampingEngine,705,76769.0
10,99,DampingEngine,706,76549.0
10,99,DampingEngine,707,76714.0
10,99,DampingEngine,708,76969.0
10,99,DampingEngine,709,76486.0
10,99,DampingEngine,710,76828.0
10,99,DampingEngine,711,77228.0
10,99,DampingEngine,712,76536.0
10,99,DampingEngine,713,76204.0
10,99,DampingEngine,714,76687.0
10,99,DampingEngine,715,76750.0
10,99,DampingEngine,716,77009.0
10,99,DampingEngine,717,77679.0
10,99,DampingEngine,718,77574.0
10,99,DampingEngine,719,78277.0
10,99,DampingEngine,720,78451.0
10,99,DampingEngine,721,78090.0
10,99,DampingEngine,722,78442.0
10,99,DampingEngine,723,78375.0
10,99,DampingEngine,724,79238.0
10,99,DampingEngine,725,79366.0
10,99,DampingEngine,726,79062.0
10,99,DampingEngine,727,77700.0
10,99,DampingEngine,728,77826.0
10,99,DampingEngine,729,78243.0
10,99,DampingEngine,730,77770.0
10,99,DampingEngine,731,79124.0
10,99,DampingEngine,732,79922.0
10,99,DampingEngine,733,78623.0
10,99,DampingEngine,734,77860.0
10,99,DampingEngine,735,77869.0
10,99,DampingEngine,736,78576.0
10,99,DampingEngine,737,78998.0
10,99,DampingEngine,738,78467.0
10,99,DampingEngine,739,78779.0
10,99,DampingEngine,740,78636.0
10,99,DampingEngine,741,78765.0
10,99,DampingEngine,742,78594.0
10,99,DampingEngine,743,78220.0
10,99,DampingEngine,744,77816.0
10,99,DampingEngine,745,78121.0
10,99,DampingEngine,746,77408.0
10,99,DampingEngine,747,77008.0
10,99,DampingEngine,748,77288.0
10,99,DampingEngine,749,77369.0
10,99,DampingEngine,750,77610.0
10,99,DampingEngine,751,77019.0
10,99,DampingEngine,752,76619.0
10,99,DampingEngine,753,76120.0
10,99,DampingEngine,754,75868.0
10,99,DampingEngine,755,76277.0
10,99,DampingEngine,756,76609.0
10,99,DampingEngine,757,77124.0
10,99,DampingEngine,758,77136.0
10,99,DampingEngine,759,77443.0
10,99,DampingEngine,760,77561.0
10,99,DampingEngine,761,77965.0
10,99,DampingEngine,762,78061.0
10,99,DampingEngine,763,78402.0
10,99,DampingEngine,764,77928.0
10,99,DampingEngine,765,78208.0
10,99,DampingEngine,766,78265.0
10,99,DampingEngine,767,78230.0
10,99,DampingEngine,768,77824.0
10,99,DampingEngine,769,77696.0
10,99,DampingEngine,770,77720.0
10,99,DampingEngine,771,77128.0
10,99,DampingEngine,772,76293.0
10,99,DampingEngine,773,76324.0
10,99,DampingEngine,774,76188.0
10,99,DampingEngine,775,76309.0
10,99,DampingEngine,776,76251.0
10,99,DampingEngine,777,76270.0
10,99,DampingEngine,778,76500.0
10,99,DampingEngine,779,75854.0
10,99,DampingEngine,780,75964.0
10,99,DampingEngine,781,75964.0
10,99,DampingEngine,782,76641.0
10,99,DampingEngine,783,76978.0
10,99,DampingEngine,784,77043.0
10,99,DampingEngine,785,77102.0
10,99,DampingEngine,786,76962.0
10,99,DampingEngine,787,77816.0
10,99,DampingEngine,788,77876.0
10,99,DampingEngine,789,77602.0
10,99,DampingEngine,790,77317.0
10,99,DampingEngine,791,77166.0
10,99,DampingEngine,792,77106.0
10,99,DampingEngine,793,78161.0
10,99,DampingEngine,794,77962.0
10,99,DampingEngine,795,77286.0
10,99,DampingEngine,796,77136.0
10,99,DampingEngine,797,77855.0
10,99,DampingEngine,798,77828.0
10,99,DampingEngine,799,77303.0
10,99,DampingEngine,800,77125.0
10,99,DampingEngine,801,76832.0
10,99,DampingEngine,802,76943.0
10,99,DampingEngine,803,77524.0
10,99,DampingEngine,804,77916.0
10,99,DampingEngine,805,78638.0
10,99,DampingEngine,806,78947.0
10,99,DampingEngine,807,78815.0
10,99,DampingEngine,808,78915.0
10,99,DampingEngine,809,78201.0
10,99,DampingEngine,810,78418.0
10,99,DampingEngine,811,77998.0
10,99,DampingEngine,812,78182.0
10,99,DampingEngine,813,77580.0
10,99,DampingEngine,814,77154.0
10,99,DampingEngine,815,77047.0
10,99,DampingEngine,816,77442.0
10,99,DampingEngine,817,77168.0
10,99,DampingEngine,818,77046.0
10,99,DampingEngine,819,77514.0
10,99,DampingEngine,820,77312.0
10,99,DampingEngine,821,77387.0
10,99,DampingEngine,822,77396.0
10,99,DampingEngine,823,77165.0
10,99,DampingEngine,824,77921.0
10,99,DampingEngine,825,77222.0
10,99,DampingEngine,826,77425.0
10,99,DampingEngine,827,77369.0
10,99,DampingEngine,828,77935.0
10,99,DampingEngine,829,78137.0
10,99,DampingEngine,830,78636.0
10,99,DampingEngine,831,78385.0
10,99,DampingEngine,832,78244.0
10,99,DampingEngine,833,78810.0
10,99,DampingEngine,834,78334.0
10,99,DampingEngine,835,78226.0
10,99,DampingEngine,836,77771.0
10,99,DampingEngine,837,77483.0
10,99,DampingEngine,838,77150.0
10,99,DampingEngine,839,76943.0
10,99,DampingEngine,840,77722.0
10,99,DampingEngine,841,78072.0
10,99,DampingEngine,842,77697.0
10,99,DampingEngine,843,77600.0
10,99,DampingEngine,844,77538.0
10,99,DampingEngine,845,77194.0
10,99,DampingEngine,846,76326.0
10,99,DampingEngine,847,76326.0
10,99,DampingEngine,848,76445.0
10,99,DampingEngine,849,76731.0
10,99,DampingEngine,850,76731.0
10,99,DampingEngine,851,76731.0
10,99,DampingEngine,852,76622.0
10,99,DampingEngine,853,76613.0
10,99,DampingEngine,854,76613.0
10,99,DampingEngine,855,76389.0
10,99,DampingEngine,856,76389.0
10,99,DampingEngine,857,76389.0
10,99,DampingEngine,858,76425.0
10,99,DampingEngine,859,76694.0
10,99,DampingEngine,860,76540.0
10,99,DampingEngine,861,76540.0
10,99,DampingEngine,862,76540.0
10,99,DampingEngine,863,76540.0
10,99,DampingEngine,864,76481.0
10,99,DampingEngine,865,76481.0
10,99,DampingEngine,866,76481.0
10,99,DampingEngine,867,76332.0
10,99,DampingEngine,868,76332.0
10,99,DampingEngine,869,76332.0
10,99,DampingEngine,870,76332.0
10,99,DampingEngine,871,76332.0
10,99,DampingEngine,872,76332.0
10,99,DampingEngine,873,76332.0
10,99,DampingEngine,874,76332.0
10,99,DampingEngine,875,76263.0
10,99,DampingEngine,876,76263.0
10,99,DampingEngine,877,76263.0
10,99,DampingEngine,878,76263.0
10,99,DampingEngine,879,76263.0
10,99,DampingEngine,880,76263.0
10,99,DampingEngine,881,76263.0
10,99,DampingEngine,882,76263.0
10,99,DampingEngine,883,76194.0
10,99,DampingEngine,884,76176.0
10,99,DampingEngine,885,76176.0
10,99,DampingEngine,886,76200.0
10,99,DampingEngine,887,76147.0
10,99,DampingEngine,888,76604.0
10,99,DampingEngine,889,76567.0
10,99,DampingEngine,890,76891.0
10,99,DampingEngine,891,76859.0
10,99,DampingEngine,892,77280.0
10,99,DampingEngine,893,77908.0
10,99,DampingEngine,894,77418.0
10,99,DampingEngine,895,77938.0
10,99,DampingEngine,896,79718.0
10,99,DampingEngine,897,80854.0
10,99,DampingEngine,898,79221.0
10,99,DampingEngine,899,78424.0
10,99,DampingEngine,900,78555.0
10,99,DampingEngine,901,77788.0
10,99,DampingEngine,902,77849.0
10,99,DampingEngine,903,76842.0
10,99,DampingEngine,904,76673.0
10,99,DampingEngine,905,76793.0
10,99,DampingEngine,906,76890.0
10,99,DampingEngine,907,77002.0
10,99,DampingEngine,908,76921.0
10,99,DampingEngine,909,76720.0
10,99,DampingEngine,910,76293.0
10,99,DampingEngine,911,76429.0
10,99,DampingEngine,912,76432.0
10,99,DampingEngine,913,76487.0
10,99,DampingEngine,914,76216.0
10,99,DampingEngine,915,76709.0
10,99,DampingEngine,916,76807.0
10,99,DampingEngine,917,76376.0
10,99,DampingEngine,918,76884.0
10,99,DampingEngine,919,76588.0
10,99,DampingEngine,920,76501.0
10,99,DampingEngine,921,76972.0
10,99,DampingEngine,922,76351.0
10,99,DampingEngine,923,75989.0
10,99,DampingEngine,924,76354.0
10,99,DampingEngine,925,76186.0
10,99,DampingEngine,926,76257.0
10,99,DampingEngine,927,75703.0
10,99,DampingEngine,928,75610.0
10,99,DampingEngine,929,75686.0
10,99,DampingEngine,930,75941.0
10,99,DampingEngine,931,75941.0
10,99,DampingEngine,932,76240.0
10,99,DampingEngine,933,76240.0
10,99,DampingEngine,934,76148.0
10,99,DampingEngine,935,76295.0
10,99,DampingEngine,936,76163.0
10,99,DampingEngine,937,76249.0
10,99,DampingEngine,938,76308.0
10,99,DampingEngine,939,76222.0
10,99,DampingEngine,940,76124.0
10,99,DampingEngine,941,76029.0
10,99,DampingEngine,942,76102.0
10,99,DampingEngine,943,75986.0
10,99,DampingEngine,944,76109.0
10,99,DampingEngine,945,76028.0
10,99,DampingEngine,946,75906.0
10,99,DampingEngine,947,75720.0
10,99,DampingEngine,948,75822.0
10,99,DampingEngine,949,75567.0
10,99,DampingEngine,950,75538.0
10,99,DampingEngine,951,75468.0
10,99,DampingEngine,952,75220.0
10,99,DampingEngine,953,75238.0
10,99,DampingEngine,954,75238.0
10,99,DampingEngine,955,75383.0
10,99,DampingEngine,956,75740.0
10,99,DampingEngine,957,75846.0
10,99,DampingEngine,958,75928.0
10,99,DampingEngine,959,75928.0
10,99,DampingEngine,960,76020.0
10,99,DampingEngine,961,76505.0
10,99,DampingEngine,962,76505.0
10,99,DampingEngine,963,77049.0
10,99,DampingEngine,964,76596.0
10,99,DampingEngine,965,76596.0
10,99,DampingEngine,966,76902.0
10,99,DampingEngine,967,76612.0
10,99,DampingEngine,968,76639.0
10,99,DampingEngine,969,76857.0
10,99,DampingEngine,970,76865.0
10,99,DampingEngine,971,77448.0
10,99,DampingEngine,972,78500.0
10,99,DampingEngine,973,78247.0
10,99,DampingEngine,974,78038.0
10,99,DampingEngine,975,77830.0
10,99,DampingEngine,976,77872.0
10,99,DampingEngine,977,77420.0
10,99,DampingEngine,978,77015.0
10,99,DampingEngine,979,77334.0
10,99,DampingEngine,980,77239.0
10,99,DampingEngine,981,76845.0
10,99,DampingEngine,982,77554.0
10,99,DampingEngine,983,77322.0
10,99,DampingEngine,984,77686.0
10,99,DampingEngine,985,77335.0
10,99,DampingEngine,986,77347.0
10,99,DampingEngine,987,77169.0
10,99,DampingEngine,988,76390.0
10,99,DampingEngine,989,77393.0
10,99,DampingEngine,990,77425.0
10,99,DampingEngine,991,78531.0
10,99,DampingEngine,992,79013.0
10,99,DampingEngine,993,79064.0
10,99,DampingEngine,994,79092.0
10,99,DampingEngine,995,79230.0
10,99,DampingEngine,996,78910.0
10,99,DampingEngine,997,78714.0
10,99,DampingEngine,998,79137.0
10,99,DampingEngine,999,79004.0
10,99,DampingEngine,1000,79120.0
10,99,DampingEngine,1001,78505.0
10,99,DampingEngine,1002,79062.0
10,99,DampingEngine,1003,78472.0
10,99,DampingEngine,1004,78059.0
10,99,DampingEngine,1005,77382.0
10,99,DampingEngine,1006,77265.0
10,99,DampingEngine,1007,77857.0
10,99,DampingEngine,1008,77978.0
10,99,DampingEngine,1009,78616.0
10,99,DampingEngine,1010,79171.0
10,99,DampingEngine,1011,78273.0
10,99,DampingEngine,1012,78903.0
10,99,DampingEngine,1013,77907.0
10,99,DampingEngine,1014,78291.0
10,99,DampingEngine,1015,78300.0
10,99,DampingEngine,1016,78386.0
10,99,DampingEngine,1017,77928.0
10,99,DampingEngine,1018,77863.0
10,99,DampingEngine,1019,77261.0
10,99,DampingEngine,1020,77889.0
10,99,DampingEngine,1021,77658.0
10,99,DampingEngine,1022,77571.0
10,99,DampingEngine,1023,77441.0
10,99,DampingEngine,1024,76805.0
10,99,DampingEngine,1025,76817.0
10,99,DampingEngine,1026,77645.0
10,99,DampingEngine,1027,77481.0
10,99,DampingEngine,1028,77021.0
10,99,DampingEngine,1029,76277.0
10,99,DampingEngine,1030,76512.0
10,99,DampingEngine,1031,76254.0
10,99,DampingEngine,1032,76070.0
10,99,DampingEngine,1033,75938.0
10,99,DampingEngine,1034,75792.0
10,99,DampingEngine,1035,75857.0
10,99,DampingEngine,1036,75857.0
10,99,DampingEngine,1037,76192.0
10,99,DampingEngine,1038,75849.0
10,99,DampingEngine,1039,75796.0
10,99,DampingEngine,1040,75563.0
10,99,DampingEngine,1041,75159.0
10,99,DampingEngine,1042,75498.0
10,99,DampingEngine,1043,75644.0
10,99,DampingEngine,1044,75959.0
10,99,DampingEngine,1045,75426.0
10,99,DampingEngine,1046,75426.0
10,99,DampingEngine,1047,75147.0
10,99,DampingEngine,1048,75310.0
10,99,DampingEngine,1049,76074.0
10,99,DampingEngine,1050,77256.0
10,99,DampingEngine,1051,77768.0
10,99,DampingEngine,1052,77223.0
10,99,DampingEngine,1053,77895.0
10,99,DampingEngine,1054,78455.0
10,99,DampingEngine,1055,78983.0
10,99,DampingEngine,1056,78677.0
10,99,DampingEngine,1057,77525.0
10,99,DampingEngine,1058,75868.0
10,99,DampingEngine,1059,75947.0
10,99,DampingEngine,1060,75982.0
10,99,DampingEngine,1061,76063.0
10,99,DampingEngine,1062,75665.0
10,99,DampingEngine,1063,75670.0
10,99,DampingEngine,1064,75662.0
10,99,DampingEngine,1065,75310.0
10,99,DampingEngine,1066,75310.0
10,99,DampingEngine,1067,75310.0
10,99,DampingEngine,1068,75116.0
10,99,DampingEngine,1069,75116.0
10,99,DampingEngine,1070,75116.0
10,99,DampingEngine,1071,75116.0
10,99,DampingEngine,1072,75116.0
10,99,DampingEngine,1073,75116.0
10,99,DampingEngine,1074,75116.0
10,99,DampingEngine,1075,75116.0
10,99,DampingEngine,1076,75116.0
10,99,DampingEngine,1077,75116.0
10,99,DampingEngine,1078,75116.0
10,99,DampingEngine,1079,75116.0
10,99,DampingEngine,1080,75116.0
10,99,DampingEngine,1081,75116.0
10,99,DampingEngine,1082,75116.0
10,99,DampingEngine,1083,75116.0
10,99,DampingEngine,1084,75116.0
10,99,DampingEngine,1085,75116.0
10,99,DampingEngine,1086,75116.0
10,99,DampingEngine,1087,75116.0
10,99,DampingEngine,1088,75116.0
10,99,DampingEngine,1089,75116.0
10,99,DampingEngine,1090,75116.0
10,99,DampingEngine,1091,75116.0
10,99,DampingEngine,1092,75116.0
10,99,DampingEngine,1093,75116.0
10,99,DampingEngine,1094,75116.0
10,99,DampingEngine,1095,75116.0
10,99,DampingEngine,1096,75116.0
10,99,DampingEngine,1097,75116.0
10,99,DampingEngine,1098,75116.0
10,99,DampingEngine,1099,75116.0
10,99,DampingEngine,1100,75116.0
10,99,DampingEngine,1101,75116.0
10,99,DampingEngine,1102,75116.0
10,99,DampingEngine,1103,75116.0
10,99,DampingEngine,1104,75116.0
10,99,DampingEngine,1105,75116.0
10,99,DampingEngine,1106,75116.0
10,99,DampingEngine,1107,75116.0
10,99,DampingEngine,1108,75116.0
10,99,DampingEngine,1109,75116.0
10,99,DampingEngine,1110,75116.0
10,99,DampingEngine,1111,75116.0
10,99,DampingEngine,1112,75116.0
10,99,DampingEngine,1113,75116.0
10,99,DampingEngine,1114,75116.0
10,99,DampingEngine,1115,75116.0
10,99,DampingEngine,1116,75116.0
10,99,DampingEngine,1117,75116.0
10,99,DampingEngine,1118,75116.0
10,99,DampingEngine,1119,75116.0
10,99,DampingEngine,1120,75116.0
10,99,DampingEngine,1121,75116.0
10,99,DampingEngine,1122,75116.0
10,99,DampingEngine,1123,75116.0
10,99,DampingEngine,1124,75116.0
10,99,DampingEngine,1125,75116.0
10,99,DampingEngine,1126,75116.0
10,99,DampingEngine,1127,75116.0
10,99,DampingEngine,1128,75116.0
10,99,DampingEngine,1129,75116.0
10,99,DampingEngine,1130,75116.0
10,99,DampingEngine,1131,75116.0
10,99,DampingEngine,1132,75116.0
10,99,DampingEngine,1133,75116.0
10,99,DampingEngine,1134,75116.0
10,99,DampingEngine,1135,75116.0
10,99,DampingEngine,1136,75116.0
10,99,DampingEngine,1137,75116.0
10,99,DampingEngine,1138,75116.0
10,99,DampingEngine,1139,75116.0
10,99,DampingEngine,1140,75116.0
10,99,DampingEngine,1141,75116.0
10,99,DampingEngine,1142,75116.0
10,99,DampingEngine,1143,75116.0
10,99,DampingEngine,1144,75116.0
10,99,DampingEngine,1145,75116.0
10,99,DampingEngine,1146,75116.0
10,99,DampingEngine,1147,75116.0
10,99,DampingEngine,1148,75116.0
10,99,DampingEngine,1149,75116.0
10,99,DampingEngine,1150,75116.0
10,99,DampingEngine,1151,75116.0
10,99,DampingEngine,1152,75116.0
10,99,DampingEngine,1153,75116.0
10,99,DampingEngine,1154,75116.0
10,99,DampingEngine,1155,75116.0
10,99,DampingEngine,1156,75116.0
10,99,DampingEngine,1157,75116.0
10,99,DampingEngine,1158,75116.0
10,99,DampingEngine,1159,75116.0
10,99,DampingEngine,1160,75116.0
10,99,DampingEngine,1161,75116.0
10,99,DampingEngine,1162,75116.0
10,99,DampingEngine,1163,75116.0
10,99,DampingEngine,1164,75116.0
10,99,DampingEngine,1165,75116.0
10,99,DampingEngine,1166,75116.0
10,99,DampingEngine,1167,75116.0
10,99,DampingEngine,1168,75116.0
10,99,DampingEngine,1169,75116.0
10,99,DampingEngine,1170,75116.0
10,99,DampingEngine,1171,75116.0
10,99,DampingEngine,1172,75116.0
10,99,DampingEngine,1173,75116.0
10,99,DampingEngine,1174,75116.0
10,99,DampingEngine,1175,75116.0
10,99,DampingEngine,1176,75116.0
10,99,DampingEngine,1177,75116.0
10,99,DampingEngine,1178,75116.0
10,99,DampingEngine,1179,75116.0
10,99,DampingEngine,1180,75116.0
10,99,DampingEngine,1181,75116.0
10,99,DampingEngine,1182,75116.0
10,99,DampingEngine,1183,75116.0
10,99,DampingEngine,1184,75116.0
10,99,DampingEngine,1185,75116.0
10,99,DampingEngine,1186,75116.0
10,99,DampingEngine,1187,75116.0
10,99,DampingEngine,1188,75116.0
10,99,DampingEngine,1189,75116.0
10,99,DampingEngine,1190,75116.0
10,99,DampingEngine,1191,75116.0
10,99,DampingEngine,1192,75116.0
10,99,DampingEngine,1193,75116.0
10,99,DampingEngine,1194,75116.0
10,99,DampingEngine,1195,75116.0
10,99,DampingEngine,1196,75116.0
10,99,DampingEngine,1197,75116.0
10,99,DampingEngine,1198,75116.0
10,99,DampingEngine,1199,75116.0
10,99,DampingEngine,1200,75116.0
10,99,DampingEngine,1201,75116.0
10,99,DampingEngine,1202,75116.0
10,99,DampingEngine,1203,75116.0
10,99,DampingEngine,1204,75116.0
10,99,DampingEngine,1205,75116.0
10,99,DampingEngine,1206,75116.0
10,99,DampingEngine,1207,75116.0
10,99,DampingEngine,1208,75116.0
10,99,DampingEngine,1209,75116.0
10,99,DampingEngine,1210,75116.0
10,99,DampingEngine,1211,75116.0
10,99,DampingEngine,1212,75116.0
10,99,DampingEngine,1213,75116.0
10,99,DampingEngine,1214,75116.0
10,99,DampingEngine,1215,75116.0
10,99,DampingEngine,1216,75116.0
10,99,DampingEngine,1217,75116.0
10,99,DampingEngine,1218,75116.0
10,99,DampingEngine,1219,75116.0
10,99,DampingEngine,1220,75116.0
10,99,DampingEngine,1221,75116.0
10,99,DampingEngine,1222,75116.0
10,99,DampingEngine,1223,75116.0
10,99,DampingEngine,1224,75116.0
10,99,DampingEngine,1225,75116.0
10,99,DampingEngine,1226,75116.0
10,99,DampingEngine,1227,75116.0
10,99,DampingEngine,1228,75116.0
10,99,DampingEngine,1229,75116.0
10,99,DampingEngine,1230,75116.0
10,99,DampingEngine,1231,75116.0
10,99,DampingEngine,1232,75116.0
10,99,DampingEngine,1233,75116.0
10,99,DampingEngine,1234,75116.0
10,99,DampingEngine,1235,75116.0
10,99,DampingEngine,1236,75116.0
